ID,Name,Basic
1,Margaret Rhodes,-998190010.00
2,Stephanie Norton,-630317200.00
3,Lindsay Gallagher,-268354820.00
4,Rebecca Cooper,-476311620.00
5,Craig Cherry,-964801000.00
6,Cassie Thomas,-390249340.00
7,,-889025270.00
8,David Parker,-606190070.00
9,Nicholas Clark,-254620620.00
10,Bruce Larson,441875470.00
11,Louis Cobb,-803933760.00
12,Linda Johnson,0.00
13,Kevin Bryan,-52004730.00
14,Ann Mccoy,-851855150.00
15,Ryan Richardson,-50156960.00
16,Gregory Beck,44216070.00
17,Anthony Castillo,-853349510.00
18,Michael Lam,-432053250.00
19,Joseph Powell,-851583300.00
20,Tara Smith,-245859600.00
21,Ethan Bailey,-708762260.00
22,Denise Pena,-544033640.00
23,,-178899270.00
24,,-313598910.00
25,Teresa Newton,-306821280.00
26,Aaron Smith,-416811750.00
27,Jimmy Perry,-987941960.00
28,Jennifer Li,-486688190.00
29,Joann Brown,-512444540.00
30,Samantha Murphy,-284687860.00
31,Matthew Lopez,-194670700.00
32,Mark Guerrero,-712718210.00
33,Samantha Zuniga,-495603190.00
34,Jeffrey Scott,-400539610.00
35,Cindy Johnson,0.00
36,Sean Clay,-243137120.00
37,Brandon Torres,-177449510.00
38,Heather Schultz,0.00
39,Christina Phillips,-867780130.00
40,Shane Reese,-309572460.00
41,Brad Hall,-807773820.00
42,Aaron Walker,-590796710.00
43,Lindsey Mcdaniel,-633361220.00
44,Michelle Salazar,-134502680.00
45,Daniel Parsons,-881487910.00
46,Andrea Smith,-118129820.00
47,Morgan Stewart,-198717620.00
48,Thomas Johnston,-118361680.00
49,Laura Simpson,-78857890.00
50,Nicholas Rojas,-487844210.00
51,Karen Odom,-880666820.00
52,Anthony Jones,-289009140.00
53,,-544515690.00
54,Nicole Campbell,-762094640.00
55,Travis Davenport,-247325100.00
56,Stephanie Spence,-655762210.00
57,Benjamin Ramsey,-699591330.00
58,Maureen Rodgers,-145104870.00
59,Stephanie Murray,-676782950.00
60,Kayla Long,-874229460.00
61,Raven Anderson,-225614600.00
62,Michael Williams,-7499300.00
63,Melanie Ward,-873823480.00
64,Kimberly Gordon,-463550510.00
65,Keith Phillips,-652056290.00
66,Ashley Greene,-63077400.00
67,Marc Johnson,-596519840.00
68,Karla Young,697579510.00
69,Danielle Lopez,-947302060.00
70,Joseph Johnson,-705570830.00
71,Jennifer Johnson,0.00
72,Rodney Sullivan,-123766870.00
73,Adrian Ramirez,0.00
74,Mitchell Campbell,-832877460.00
75,Ricky Frazier,-787033030.00
76,Desiree Fernandez,-648842760.00
77,Robert Daniels,-54866720.00
78,Jacob Harvey,-309469640.00
79,,-797200550.00
80,Caitlin Webb,-607770400.00
81,Kimberly Lewis,-507649720.00
82,Deborah Goodwin,-84067580.00
83,Jordan Moore,-20461330.00
84,Catherine Farrell,-630462430.00
85,Gerald Lawson,-656145400.00
86,Maria Woodard,-707305050.00
87,Katie Davis,-142754650.00
88,,-421695270.00
89,Mrs. Nichole Johnson,-374645720.00
90,Ryan Hicks,-147488070.00
91,Erin Anderson,-558591530.00
92,,-354153840.00
93,Jacob Cole,-831711200.00
94,Robert Walker,-883268260.00
95,Henry Roth,-844168880.00
96,Jason Davis,520484810.00
97,Nancy Newman,0.00
98,Lauren Haynes,-756133870.00
99,Ashley Curtis,-329160780.00
100,James Moore,-793081720.00
101,Benjamin Aguirre,-386288440.00
102,Donald Lewis,-647260670.00
103,Tanner Buchanan,0.00
104,Kristin Olson,-402959210.00
105,Mrs. Ashley Smith MD,-909465270.00
106,Ralph Ortega,-646925660.00
107,Eric Hernandez,-296399490.00
108,Tyler Simmons,-270457620.00
109,James Dawson,-507895470.00
110,Daniel Miller,-518914840.00
111,Austin Huynh,-945247130.00
112,Benjamin Hall,-920362830.00
113,Kim Craig,-35723190.00
114,Christopher Riggs,0.00
115,Michelle Schmidt,-506050020.00
116,William Olsen,-786460470.00
117,,-212395190.00
118,Stephen Andrews,51521850.00
119,Anne Kelly,-195795110.00
120,David Ruiz,-55298240.00
121,Jennifer Jones,896704180.00
122,Patricia Young,742014420.00
123,Justin Huber,-866852490.00
124,Brandi Hudson,-462816760.00
125,Christopher Brooks,-102692080.00
126,Karen Solis,-582051130.00
127,Amanda Roman,-238736650.00
128,Cynthia Martin,-546212810.00
129,Stephanie Dickerson,-260334580.00
130,Sharon Hall,-32219660.00
131,Cameron Patel,-149580620.00
132,Charles Kaiser,-484201260.00
133,Nathan Armstrong,-309910960.00
134,Daniel Walker,-142317080.00
135,Laurie Gallagher,379449750.00
136,Deborah Wells,-242272260.00
137,Michael White,-577063700.00
138,Sally Garcia,-991124330.00
139,Patricia Miles,-447073920.00
140,Theresa Pham,-512076020.00
141,Mitchell Manning,-469878450.00
142,Courtney Johnson,587753370.00
143,,-61713790.00
144,Tina Morgan,-68293270.00
145,Kristin Jacobs,-275263400.00
146,,-424412430.00
147,Jon Tran,-981467230.00
148,Andrea Watkins,0.00
149,Karen Hill,-43259790.00
150,Stephen Frank,-125425680.00
151,Samuel Fields,-668218210.00
152,Aaron Johnson,-718072270.00
153,Eric Juarez,-673594380.00
154,Ana Mckenzie,-375891550.00
155,Ashley Duarte,-973420250.00
156,Adrian Jacobson,-727429710.00
157,Michael Cooper,-219842110.00
158,Ricky Hull,725562680.00
159,John Dean,-141520460.00
160,Susan Taylor,-771455440.00
161,Jonathan Woods,-648479680.00
162,Ashley Mccullough,-110126840.00
163,Lauren Jones,-58070.00
164,Dalton Cruz,-498824740.00
165,Gina Ruiz,0.00
166,Mary Brown,-183617390.00
167,Dr. William Kelly Jr.,-458078960.00
168,Michael Valdez,-703882480.00
169,Julie Peters,-42868640.00
170,Erik Conrad,-500290100.00
171,Brian Ritter,-466469480.00
172,Elizabeth Grant,-652874610.00
173,Arthur Jones,-83006650.00
174,Shawn Morgan,-739630200.00
175,Jennifer Hale,-53088230.00
176,Meghan Alvarez,-338688880.00
177,,-259981060.00
178,,-118782760.00
179,Cynthia Bradley,-36960010.00
180,Matthew Pena,-107264510.00
181,Robert Jennings,-184134500.00
182,Scott Martinez,-616502720.00
183,Jennifer Warner,-607422730.00
184,Jacqueline Griffin,-593575110.00
185,Alexandra Wolfe,-731240640.00
186,Bruce Moss,-634105550.00
187,Julie Kent,-649513620.00
188,Miss Joann Ferguson DVM,-841421410.00
189,Cheryl Soto,-866895270.00
190,Beth Williams,-44488530.00
191,Dawn Brown,-465344830.00
192,Rodney Petersen,-358983730.00
193,,-496823960.00
194,Jared Manning,-526797640.00
195,Kimberly Shelton,-634982690.00
196,Alyssa King,-107377410.00
197,Melissa Whitehead,-609152000.00
198,Andrea Davis,-351857440.00
199,Michael Wade,-553700320.00
200,Clayton Ellis,-621181210.00
201,John Anderson,-401036400.00
202,Diane Brown,-307858270.00
203,Natalie Bishop,-308763890.00
204,William Good,-348366460.00
205,Deanna Powers,-422509180.00
206,,-787615820.00
207,Patrick Mendez,-341126330.00
208,Clayton Berry,-237837220.00
209,Mrs. Deanna Maxwell,271262550.00
210,Matthew Bennett,-733416110.00
211,Gregory Gonzalez,-97587160.00
212,Jill Ferrell,-708387530.00
213,Stephen Kaiser,11493430.00
214,Crystal Foster,-757389550.00
215,Samantha Thomas,-965128780.00
216,David Johnson,-682572130.00
217,Veronica Barnes,-233644350.00
218,Dana Webster,-120593320.00
219,Stephanie Glenn,-93399220.00
220,Richard Smith,-987606320.00
221,Jennifer Beard,-771419720.00
222,Lisa Kelly,954145490.00
223,Dr. Jessica Robinson MD,-818613630.00
224,Jennifer Miller,0.00
225,William Yoder,-422221260.00
226,,-424659400.00
227,Evelyn Liu,-457515090.00
228,Christopher Jones,-648186880.00
229,Jackie Burton,-933996570.00
230,Jeremy Chase,-223638510.00
231,,-272709880.00
232,Joseph Jefferson,-279955230.00
233,Diana Kelly,-560706590.00
234,Brian Bush,-620524940.00
235,Christina Hartman,-213918280.00
236,Julie Mendoza,-290788360.00
237,Emily Castillo,-460548580.00
238,Tamara Powell,-932658860.00
239,Darlene Hartman,-919542030.00
240,Julia Walton,-571006100.00
241,James Young,-320729880.00
242,Becky Kennedy,-683863120.00
243,Jonathan Miller,-334027610.00
244,Anne Taylor,-28782520.00
245,Lori Fletcher,-371092180.00
246,Mary Fitzgerald,-289181900.00
247,Joseph Guzman,-408278460.00
248,George Gibson,-876183550.00
249,Monica Gross,-817703010.00
250,Jane Saunders,-759692150.00
251,Lisa Moody,-937008170.00
252,Craig Gentry,-512577010.00
253,Dr. Alexis Mercado MD,-210020980.00
254,Monica Cruz,-511224040.00
255,Michelle Hawkins,-808543010.00
256,Jennifer Sanders,-798715240.00
257,Dakota Riley,-876609770.00
258,Cassie Mccarthy,-838727560.00
259,Louis Howard,-963624720.00
260,Alicia Fuller,750879620.00
261,Ryan Ochoa,-213867810.00
262,David Stuart MD,-135006040.00
263,Susan Park,-130827850.00
264,Maureen Gay,0.00
265,Kimberly Garza,107621710.00
266,Michael Long,-535224310.00
267,Emily Peterson,-836217130.00
268,Mark Richardson,-52122210.00
269,Mary Rios,-376070260.00
270,Dawn Hanson,-561232040.00
271,Joseph Stewart,-204488580.00
272,Jeffrey Beard,0.00
273,Wyatt Fleming,0.00
274,Tiffany Hoover,-532183740.00
275,Heather King,624508940.00
276,Andrea Berry,-523035890.00
277,Jodi Padilla,-856243560.00
278,Danielle Payne,72029890.00
279,Mary Craig,-283327620.00
280,Robert Robinson,0.00
281,Stacey Jensen,465536540.00
282,Douglas Garza,812573370.00
283,Tiffany Garner,-665513430.00
284,Erica Fernandez,-942980020.00
285,Ronald Henderson,-832787420.00
286,Omar Choi,0.00
287,Mrs. Jamie Melton,-910406410.00
288,Ashley Robinson,-819567970.00
289,Joshua Williams,0.00
290,John Johnson,-27636140.00
291,Johnny Smith,-502120900.00
292,Jesse Parsons,-397070450.00
293,Grace Lopez,-214751120.00
294,Lisa Wilson,-763647070.00
295,Benjamin Poole,-346349270.00
296,Ryan Garcia,-64011990.00
297,Richard Robertson,-771699710.00
298,Zachary White,-690836920.00
299,Kerri Gonzalez MD,0.00
300,,-686382350.00
301,Emily Rogers,-805702050.00
302,Billy Finley,-171406060.00
303,Erica Stevenson,-680488550.00
304,Robert Chapman,-556103340.00
305,Paula Boyer,-469966750.00
306,Susan Wilson,-29253130.00
307,Timothy Smith,-365055550.00
308,Garrett Jacobson,-151403950.00
309,Robert Griffith,-599665370.00
310,Miranda Mitchell,-203037490.00
311,Shelby Sandoval,-152979140.00
312,Molly Lopez,865943730.00
313,Claudia Clark,-211946080.00
314,Adrian Walker,-606865950.00
315,Andre Knight,-927918310.00
316,Robin Yates,-617298800.00
317,Harold Jones,749584190.00
318,Nancy Castro,-88424410.00
319,Veronica Bowen,-173642560.00
320,,845149340.00
321,Brenda Lee,-495466700.00
322,Peter Lawrence,-33835010.00
323,Pamela Vasquez,-232139020.00
324,Joshua Parker,-952902020.00
325,Lawrence Knox,-886716610.00
326,Edward Dickerson,-835021610.00
327,,-857175020.00
328,Sophia Fields MD,-681840590.00
329,Brian Cohen,-512489190.00
330,William Dickerson,-750165130.00
331,Victoria Sutton,-374991170.00
332,David Holloway,-444540280.00
333,Gwendolyn Collins,-45854780.00
334,Tracey Logan,-700476020.00
335,Vincent Golden,-996873820.00
336,April Nelson,-608713430.00
337,Sarah Hale,-814308080.00
338,Danielle Murphy,-99354650.00
339,Mrs. Susan Martinez,-435976010.00
340,Justin Arias,-235542980.00
341,,-452386010.00
342,,621135180.00
343,Janet Wallace,-632623770.00
344,Michael Johns,-973397360.00
345,Jodi Massey,-776253190.00
346,Sarah Johnson,-718884850.00
347,Julie Reese,-995416690.00
348,Monica Shepherd,-723818740.00
349,Andrew Meza,667734890.00
350,,-922433900.00
351,Jeffrey White,-273191020.00
352,Lynn Snyder,61256380.00
353,,-391728550.00
354,James Cunningham,-844348900.00
355,Mary Gibson,-579810200.00
356,Marc Powell,-990727220.00
357,Tina Dixon,-715362760.00
358,Carolyn Burton,0.00
359,Beth Bradshaw,-895215360.00
360,William Blevins,-690287300.00
361,,-848970670.00
362,Becky Miller,-430524440.00
363,Bobby Roth,-488246490.00
364,Ellen Carlson,673472790.00
365,Monica Scott,-637318920.00
366,Marc Hayden,-476691420.00
367,Fernando Hodges,-917964050.00
368,Debbie Riggs,-774275470.00
369,Mary Martinez,-15932570.00
370,Jay Smith,-492172530.00
371,Victor Holland,-917636050.00
372,Amanda Johnson,-455785470.00
373,,-534272550.00
374,Thomas White,-640674900.00
375,Guy Porter,491231880.00
376,Barbara Lawrence,-638355960.00
377,Jackson Perkins,-915583240.00
378,Kelli Singleton,-955723510.00
379,Savannah Mckenzie,-407073680.00
380,Eric Collins,-880621390.00
381,Suzanne Saunders,-456542520.00
382,Michael Mason,-511095320.00
383,Patricia Alvarado,-704709710.00
384,Jacqueline Johns,-313415960.00
385,Michelle James,-665703870.00
386,Kimberly Johns,0.00
387,Roberto Williams,387043130.00
388,Danny Padilla,875977560.00
389,Michele Arnold,-900091330.00
390,Mr. Kevin Patterson,-254545040.00
391,David Monroe,-618457460.00
392,Carrie Terry,-274622870.00
393,Susan Mack,-333711740.00
394,Brandi Rodriguez,-124006200.00
395,Anthony Smith,0.00
396,Erica Martinez,-264680630.00
397,Clifford Garcia,-342987660.00
398,Tiffany Elliott,0.00
399,Veronica James,-412546300.00
400,Thomas Campbell,0.00
401,,-829963100.00
402,Aaron Taylor,0.00
403,Kimberly Walsh,-353415520.00
404,Elizabeth Howard,-91766810.00
405,,-133659390.00
406,Christopher Harrison,-503508690.00
407,Melanie Figueroa,-576917480.00
408,,-777792940.00
409,Joseph Park,0.00
410,Brenda Lewis,-416477130.00
411,Mary White,-24954040.00
412,Teresa Simpson,-546606380.00
413,Christian Luna,66143900.00
414,Mary Delacruz,-97949450.00
415,Mr. Jonathan Castillo Jr.,-182494220.00
416,Tammy Woods,-619431700.00
417,Christina Nelson,-547175570.00
418,,-336865050.00
419,David Smith,-438371290.00
420,Curtis Torres,-901006620.00
421,Oscar Herrera,0.00
422,Marcia Johnson,-3347480.00
423,Susan Smith,-302177310.00
424,Roger Barnes,-217907720.00
425,Jill Nelson,-863653950.00
426,Anthony Patel,-609003040.00
427,Thomas Wilkins,-902436020.00
428,Scott Le,-143870800.00
429,Lauren Ramsey,-301226160.00
430,Taylor Ford,-403858270.00
431,Richard Roberts,0.00
432,James Mccoy,-342457080.00
433,Melissa Robertson,-884063390.00
434,Wendy Kane,-425352290.00
435,Breanna Ortega,-318722370.00
436,John Cohen,-415559810.00
437,Ricky Zhang,-884338860.00
438,Ms. Rhonda Hatfield,-463979650.00
439,Christopher Fletcher,-241839450.00
440,,-81831550.00
441,Gary Nguyen,-477096440.00
442,Jaclyn Quinn,-292464500.00
443,Ian Howell,-970588200.00
444,Joshua Hansen,-239242950.00
445,Daniel Mcdonald II,-187088000.00
446,Steven Edwards,-122875990.00
447,Kyle Mendez,-546708620.00
448,Tim Huff,-329088370.00
449,Jeffrey Dominguez,-293092680.00
450,Jeffrey Lee,-380225660.00
451,Gregory Murphy,-817047510.00
452,Cassie Henderson,-689970270.00
453,Stephen Harris,-24975280.00
454,Heather Pratt,-482071850.00
455,Eugene Clark,-740007880.00
456,Julie Boyle,-256881180.00
457,Brett Bean MD,-158676100.00
458,Christina Savage,-223975560.00
459,Paul Fisher,-733986860.00
460,Ethan Malone,-925237420.00
461,Stanley Haney,-472292850.00
462,Barbara Cook,446955870.00
463,Natalie Peterson,0.00
464,Derek Brown,-899592270.00
465,Laura Moreno,-806715890.00
466,Leah Galloway,-223136530.00
467,Kelly Barnett,-858566980.00
468,Melanie Wilkinson,-262860070.00
469,Steven Sherman,55346200.00
470,Stephanie Smith,-935004280.00
471,Veronica Freeman,991084730.00
472,Jose Roach,-395305240.00
473,Danny Daniel,-182287760.00
474,Janet Gilmore,-454130920.00
475,,-377648540.00
476,Michelle Peterson,-352982080.00
477,Eric Bowman,-869420520.00
478,Morgan Williams,-919989320.00
479,Carla Moon,0.00
480,Teresa Chan,-322847830.00
481,Juan Nelson,-735563770.00
482,Benjamin Orozco,-860065100.00
483,Morgan Barker,-804410550.00
484,Kevin Fleming,-428554220.00
485,Lawrence Perry,40088420.00
486,Lauren Johnson,-770915820.00
487,Andrew Rice,-144839240.00
488,Jill Cooper,0.00
489,Mary Jones,-811864260.00
490,Nicole Rivera,-558167210.00
491,Charles Morales,-430324940.00
492,Roger Pearson,-398131090.00
493,Jacob Fowler,-31504630.00
494,Andrea Baker,-366590660.00
495,Dawn Lawrence,-722429540.00
496,Jonathan Hendricks II,-608692890.00
497,Mark Myers,-880781580.00
498,Veronica Rosario,-135273310.00
499,Donald Dalton,-856542410.00
500,Pam King,-13684220.00
501,Samuel Clarke,-585585530.00
502,Lori Hill,-902604190.00
503,Nicole Shaffer,-503876230.00
504,Yolanda Jackson,-65552840.00
505,Tiffany Clark,458797570.00
506,Kevin Townsend,-567739180.00
507,Susan Campbell,-272827420.00
508,Robert Patterson,-23962110.00
509,David Phillips,0.00
510,Valerie Curtis,-857348540.00
511,Daniel Barker,-880006870.00
512,Debbie Hunt,-236448030.00
513,Victoria Young,-357616620.00
514,James Lopez,-183943230.00
515,Kristina Ellis,-849852940.00
516,Jonathan Parrish,-630371530.00
517,Todd Garza,-36143400.00
518,Christopher Fletcher,-708898530.00
519,Logan Wu,-870576420.00
520,Jeffery Smith,-592708390.00
521,Hunter Horn,517729240.00
522,Shirley Murray,-462205500.00
523,Austin Martinez,-756984920.00
524,Lisa Woods,-292603730.00
525,Michael Patterson,-169752190.00
526,Amanda Meadows MD,-447161750.00
527,Victoria White,-589681190.00
528,,-596994250.00
529,Sarah Harrington,-961796520.00
530,Brian Dennis,-644316640.00
531,Russell Jones,-920419510.00
532,Manuel Thomas,-284995250.00
533,Kimberly Wilkins,-505895890.00
534,Joseph Hart,-683912670.00
535,Michelle Neal,435872520.00
536,Tony Russell,0.00
537,Caleb Daniel,-74729480.00
538,Carla Fernandez,-930353460.00
539,,-848140330.00
540,Tonya Hall,-271063690.00
541,David Rice,-485672720.00
542,Kelsey Wagner,0.00
543,Mark Baker,-888337720.00
544,Tamara Cox,-137318850.00
545,Sabrina Roberts,-17725870.00
546,Jon Oliver,-602296730.00
547,Sylvia Ray,-428436210.00
548,Michele Garcia,-948685070.00
549,Stephanie Gardner,-305194550.00
550,Lisa Johnson,-111022010.00
551,Bridget Kelly,-595160340.00
552,Nicholas Sanchez,-949307550.00
553,Jacob Campbell,-689064480.00
554,Thomas Smith,-102016630.00
555,Bradley Martinez,275405090.00
556,Megan Duke,-592969670.00
557,Aaron Hurst,-655247730.00
558,Jeremy Miller,-682364290.00
559,Theresa Mata,-543558860.00
560,Michael Brown,-426251510.00
561,Melissa Shaw,-727432260.00
562,Sarah Cummings,306228710.00
563,Karen Day,-236506920.00
564,Samuel Moore,-479455230.00
565,Jessica Hayes,-757605420.00
566,,-525583970.00
567,Donald Moore DDS,-688620460.00
568,Shelly Ramirez,0.00
569,Joshua Mathis,-664469110.00
570,Cassandra Smith,-185318270.00
571,Sandra Turner,-958167210.00
572,Amanda Jones,-130273250.00
573,Susan Mccarthy,-548776790.00
574,Joseph Atkins,-356454660.00
575,,-72471010.00
576,Michael Gutierrez,-489457560.00
577,Marc Boone,-825580930.00
578,Shawn Atkins,0.00
579,Daniel Sanders,-941604970.00
580,Mario White,-138422180.00
581,Stephanie Gonzalez,-793396430.00
582,Paige Thomas,-455403180.00
583,Alyssa Garcia,-735420820.00
584,James Allen,973854820.00
585,Kelly Anderson,-464409170.00
586,April Smith,-308931690.00
587,Brian Jensen,829877040.00
588,Peter Young,-262443520.00
589,William Collins,-860467220.00
590,Wayne Haley,-451702120.00
591,Amanda Hamilton,-689904180.00
592,Justin Roberts,-251800490.00
593,Kellie Chen,-626423480.00
594,,-266121960.00
595,,210265000.00
596,Mark Ochoa,-292241960.00
597,Michael Brown,-826809860.00
598,Sandra Patrick,-634103680.00
599,Elizabeth Marquez,-855362870.00
600,James Clark,-736884760.00
601,Francisco Myers,-49722230.00
602,Michelle Cortez,-698228520.00
603,Mark Davis,0.00
604,Kurt Fitzpatrick,-42448570.00
605,Laura Smith,-276135350.00
606,Elizabeth Campbell,-495961070.00
607,Jessica Boyle,-4280020.00
608,Joshua Galvan,-970589990.00
609,Robin Miller,0.00
610,Dylan Garcia,-262769280.00
611,Angela Meyers,-234365320.00
612,William Perry,-260875770.00
613,Jasmine Huang,0.00
614,Trevor Williams,-256555160.00
615,Allison Garcia,-833948910.00
616,Raymond Hernandez,-573019910.00
617,Timothy Marquez,-908854950.00
618,Melissa Foster,-549817230.00
619,Autumn Moore,-24765030.00
620,,-1582440.00
621,Lisa West,-500868710.00
622,James Peters,-95691170.00
623,Maureen Barrett,-448052250.00
624,John Jackson,-944734260.00
625,,-154182440.00
626,Teresa Powell,-680871420.00
627,Alyssa Blackwell,-553507920.00
628,Tyler Ray,-906298890.00
629,David Sexton,-675970500.00
630,Michael Walker,-199881310.00
631,Rodney Jones,-104611950.00
632,Dr. Carolyn Harris,-455560200.00
633,Jennifer Lara,-45941880.00
634,Ryan Ramirez,-323572830.00
635,Shannon Hancock,-921385150.00
636,Desiree Green,-499050810.00
637,Jackie Ferrell,-370297450.00
638,Karen Blanchard,-731127080.00
639,,-39324860.00
640,Pamela Sanders,-637297630.00
641,Sherri Carter,-462317910.00
642,Emily Gordon,-860574490.00
643,Felicia Smith,-106881600.00
644,John Reilly,68039110.00
645,Dana Gordon,-948356210.00
646,John Mathis,-189195850.00
647,Ann Smith,-231751130.00
648,Jamie Robinson,-668946470.00
649,,-242194570.00
650,Brianna Carr,-345170530.00
651,Jill Reynolds,-423075120.00
652,Alexander Castro,0.00
653,James Morris,-611713870.00
654,Alicia Parsons,-269166340.00
655,Zachary Mccarthy,-199667180.00
656,Jordan Lambert,-163337850.00
657,Barbara Myers,-625092330.00
658,Julie Espinoza,-894459910.00
659,Bryce Reynolds,0.00
660,Michael Willis,-573317440.00
661,Angela Sanchez,-608009930.00
662,Bryan Hudson,-990902940.00
663,Tristan Foster,-463305810.00
664,Christopher Kelley,0.00
665,Becky Garcia,-463174590.00
666,Carlos Taylor,-203052940.00
667,Brian Bishop,-796745570.00
668,Eric Gray,-870028550.00
669,Matthew Gillespie,-293419570.00
670,Alice Santos,-269985790.00
671,Rhonda Wyatt,-373343080.00
672,Steve Braun,-517857300.00
673,,-163560670.00
674,Lori Jacobs,-167537170.00
675,,-145425120.00
676,Christopher Ruiz,0.00
677,Scott Jenkins,-692720420.00
678,Donald White,-511501850.00
679,Dylan Bentley,-658681260.00
680,Danielle Duarte,-453745870.00
681,Cheryl Sims,-642607200.00
682,Anna Mills,-488488230.00
683,Latoya Houston,112480510.00
684,Todd Harrison,-298092550.00
685,Charles Miller,-669374630.00
686,Sherry Baker,0.00
687,Jocelyn Williams,0.00
688,Christina Walker,-550528970.00
689,Amanda Baird,-95489180.00
690,David Barton,-724044310.00
691,Jonathan King,-489445070.00
692,Sarah Black,-50556730.00
693,Scott Shaw,-935731010.00
694,Robert Swanson,-894815420.00
695,Maria Krueger,-68240510.00
696,Renee Taylor,-706916590.00
697,Andrew Kim MD,-223701780.00
698,Daniel Jones,-716631560.00
699,Joann Flores,-82986920.00
700,Taylor Yates,-124743400.00
701,Michael Gomez,-112563210.00
702,Leslie Nguyen,-889579660.00
703,Susan Castillo,-118922900.00
704,Deborah Riley,-878742590.00
705,Andrew Shelton,-648632150.00
706,Richard Simpson,-514355090.00
707,Joseph Anderson,-246800020.00
708,Elizabeth Stanton,397219500.00
709,Jennifer Thomas,-225511150.00
710,Gregory Walker,-970504010.00
711,John Bryant,-411279650.00
712,Kathleen Washington,-577115170.00
713,John Marquez,-56089320.00
714,Matthew Boyd,-409126550.00
715,Nicholas Mclaughlin,-305226260.00
716,Anthony Dean,0.00
717,Linda Townsend,-176913970.00
718,Ruth Gilbert,-808658700.00
719,Theresa Norton,-199620860.00
720,,-309517410.00
721,Brian Herman,77397110.00
722,Lisa Johnson,-179794470.00
723,Kathleen Gordon,-22446010.00
724,Brandon Keller,-654587650.00
725,Jennifer Carr,-468698680.00
726,Heather Robertson,-625605930.00
727,Anna Bell,-516874600.00
728,Katherine Guerra,-227493450.00
729,Deanna Clayton,-438396600.00
730,Peter Smith,0.00
731,Beth Thompson,-166893300.00
732,Becky Wagner,-162589000.00
733,Andrea Jackson,-699428280.00
734,Mary Conner,-431340430.00
735,Lynn Bell,-387222180.00
736,Jacqueline Anderson,444274340.00
737,Justin Phillips,-225074080.00
738,Alex Davis,-376598610.00
739,Kathryn Brown,-469416810.00
740,Jeffrey Buck,-548181380.00
741,Amanda Diaz,-25856160.00
742,Sheri Jones,-318107770.00
743,Jennifer Dixon,-168683280.00
744,,-80229570.00
745,Samantha Glenn,-280351000.00
746,Martin Moore,-410865770.00
747,Norman Mcconnell,-182207450.00
748,Carlos Waters,-231026420.00
749,Nancy Morales,-740478710.00
750,David Thompson,-424316490.00
751,Donald Acevedo,-877441530.00
752,Justin Schmidt,-388308160.00
753,Jeremy Smith,-613772420.00
754,,-471464640.00
755,Kelsey Reed,323259690.00
756,Mary Nichols,-644828270.00
757,Andrew Acosta,216929190.00
758,Corey Jones,-787889380.00
759,Marissa Carpenter,-815697190.00
760,Joshua Hooper,-193846290.00
761,Marvin Park,-949145870.00
762,Kimberly Price,-12852240.00
763,Holly Mitchell,-628351660.00
764,Cindy Davis,-4932520.00
765,Joshua Martinez,-549920580.00
766,Brandon Berry,-443681070.00
767,James Anderson,-279028330.00
768,Michelle Sanders,-870707210.00
769,Micheal Crawford,0.00
770,Charles Olson,-531292050.00
771,Donald Myers,-832468980.00
772,Nicholas Smith,-727869770.00
773,Tonya Schmitt,-15701690.00
774,Denise Wolfe,-840250760.00
775,Brianna Mitchell,-901179340.00
776,Michael Merritt,-889342270.00
777,Justin Armstrong,-612048810.00
778,Caitlin Andrade,-285866910.00
779,Tina Meyer,-208633060.00
780,Jessica Payne,-599191700.00
781,Adam Gomez,-680003030.00
782,Vincent Allen,-997244900.00
783,Vincent Taylor,-602054000.00
784,Alexandra David,-554679060.00
785,Katrina Henry,-682588180.00
786,Stephen Davis,-281668100.00
787,Hector Horn,-392994170.00
788,,-868491320.00
789,Brittany Glover,-5964630.00
790,William Scott,-657791300.00
791,Amanda Adams,0.00
792,Benjamin Key,-636337480.00
793,Jacqueline Meyer,-717827620.00
794,Christopher Spencer,-745503510.00
795,Lisa Nunez,-279903350.00
796,Nicole Holloway,-8970150.00
797,Christian Page,-395014880.00
798,Katie Romero,-899558240.00
799,,-660162180.00
800,Joseph Gregory,-931045740.00
801,Lonnie Sanford,-282493570.00
802,Nancy Figueroa,-644691470.00
803,Jose Craig,-510874800.00
804,Cheryl Williams,-87212180.00
805,Eric Mejia,-519499740.00
806,Jason Williams,-387491000.00
807,Wanda Smith,-716830710.00
808,Jodi Johnson,-211062340.00
809,Robert Parker,-920105970.00
810,Miranda Bryan,-775091260.00
811,Elizabeth Rollins,-352053770.00
812,Ross Terry,-568685140.00
813,Richard Baker,-49516540.00
814,Brett Harris,-399260570.00
815,,-37136810.00
816,Rachel Obrien,-308881440.00
817,Jason Johnson,0.00
818,Pamela Warner,-295416700.00
819,Isaac Guzman,-484187330.00
820,George West,361244410.00
821,,-258741750.00
822,Latoya Weaver,0.00
823,Kathleen Walsh,-788071030.00
824,Erin Mcdonald,0.00
825,Kristen Miller,-609101780.00
826,Brent Reese,0.00
827,Jessica Green,725114950.00
828,Anthony Marquez MD,-193030520.00
829,Elizabeth Powers,-996248840.00
830,Tammy Johnson,-106616240.00
831,Cynthia Carpenter,-460694190.00
832,Andrew Brown,-943073080.00
833,,-137906950.00
834,,-282830490.00
835,Elizabeth Jones,-619165590.00
836,Marissa Archer,-434319230.00
837,Dwayne Kent,-308903960.00
838,Kathryn Vega,-769299550.00
839,Mathew Mckenzie,-293336030.00
840,Tracy Walker,-508802920.00
841,,-373510100.00
842,Danielle Terry,-449505100.00
843,Margaret Fischer,-188584150.00
844,Donald Rice,-9855470.00
845,Mark Patterson,-561286570.00
846,Cory Grant,-190502760.00
847,Ashley Scott,-786959750.00
848,,867314650.00
849,Kelly Morgan,0.00
850,Mr. James Alexander,-269446950.00
851,Kevin Cummings,-830681730.00
852,Seth Morgan,0.00
853,Robin Mendez,-122543620.00
854,John Walls,-252297390.00
855,Emily Castillo,-964569320.00
856,Amy Gregory,-55416080.00
857,Joy Ellis,-211063650.00
858,Chase Hall,798540540.00
859,Julie Grant,-538419260.00
860,Justin Schmidt,-344683350.00
861,Jose Diaz,-924997340.00
862,James Dickson,0.00
863,Antonio Doyle,898182630.00
864,,-228128520.00
865,Eric Small,-805533200.00
866,Eduardo Schwartz,-803065960.00
867,Eddie Andrews PhD,-746948530.00
868,Kimberly Price,-945970.00
869,Valerie Hernandez,-548618910.00
870,Casey Bennett,-232040330.00
871,Ryan Austin,-268806880.00
872,Stephen Sherman,-627080970.00
873,Shelby Harris,-391971580.00
874,Brandon Torres,-988307420.00
875,Christine Miranda,-856056640.00
876,James Hinton,-517292800.00
877,Suzanne Caldwell,-460112240.00
878,Mary Gonzalez,-627251050.00
879,Willie Reed,-69835530.00
880,Kayla Thomas,-905269220.00
881,Luis Jennings,-613038380.00
882,Michael Cook,-209469040.00
883,Scott Acosta,-533430990.00
884,Charles Williams,-385599000.00
885,Anthony Hernandez MD,821432800.00
886,Jason Phillips,-200507790.00
887,Alan Cunningham,-220099740.00
888,Heather Hernandez,165195370.00
889,Darrell Cooke,-108717630.00
890,Laura Gibbs,-776455560.00
891,Anthony Palmer,39184450.00
892,Timothy Esparza,39877710.00
893,Jeremiah Chen,-364783930.00
894,Susan Hoffman,-943046930.00
895,Dustin Richardson,-349941830.00
896,Anthony Kerr,-290880150.00
897,Billy Bruce,0.00
898,George Fuller,-291117660.00
899,Sheila Wong,-395022540.00
900,Pamela Arnold,-513286840.00
901,Nicholas Barber,-356719310.00
902,Nathan Wood,-636322790.00
903,Austin Castillo,-774045700.00
904,Megan Perez,-609669470.00
905,David White,-812825480.00
906,Matthew White,-466051030.00
907,Joshua Palmer,-627990200.00
908,Jesus Price,0.00
909,Vanessa Mcmillan,-436950050.00
910,Shawn Morse,-441533910.00
911,Michael White,-109381180.00
912,Joseph Walters,-573341860.00
913,Gregory Davis,-59503050.00
914,David Jenkins,0.00
915,Steve Griffin,-802190520.00
916,Anthony Wolf,-675983120.00
917,Emily Williams,-642443940.00
918,Ronnie Dunn,-530871150.00
919,Vanessa Nicholson,-465898570.00
920,Jimmy Stevens,-350331820.00
921,Reginald Newton,-987169380.00
922,Leon Sutton Jr.,-673250550.00
923,Fernando Garza,-275089860.00
924,Glenda Phillips,-967152670.00
925,Vanessa Thomas,-138703550.00
926,Michael Wallace,-912533640.00
927,Tiffany Banks,-882773030.00
928,Jasmine Henry,-525009710.00
929,Joshua Jackson,-458033030.00
930,Lori Hanna,-755244620.00
931,Cindy Valentine MD,0.00
932,Nathaniel Weiss,-854610940.00
933,Stephen Peters,-455853900.00
934,Melvin James,-783941850.00
935,Angela Hanson,-337421090.00
936,Raymond Collins,-961506840.00
937,Gregory Huff,-948083620.00
938,Virginia Curtis,-172710580.00
939,Aaron Spencer,-360336210.00
940,Chris Bush,-195789880.00
941,Mary Bennett,0.00
942,Keith Griffith,-9590940.00
943,Tracy Thompson,-727211570.00
944,Mary Taylor,-459386660.00
945,Edward Burgess,0.00
946,Michelle Davis,-499405940.00
947,Cindy Anderson,-562057250.00
948,Heather Fitzpatrick,-884798880.00
949,Maria Smith,-199886930.00
950,Larry Mcintyre,196928280.00
951,Abigail Little,-407836110.00
952,Kelly Myers,-862478430.00
953,Latoya Ramos,-299866390.00
954,John Gomez,-525550860.00
955,Jacob Wilkins,-508042170.00
956,Eddie Cummings,-901383310.00
957,Natalie Wagner,-161794730.00
958,Catherine Boyle,-76797240.00
959,Marcus Parker,-922997750.00
960,Jeremy Washington,-638555460.00
961,Samantha Baldwin,-707253110.00
962,Joseph Hartman,-970740100.00
963,Isabel Smith,-925761510.00
964,Gerald Riley,0.00
965,Mr. Eric Robinson,-830908070.00
966,Robert Smith MD,-212104830.00
967,Amanda Carrillo,-16850400.00
968,Adam Smith,-202506200.00
969,George Sanders,0.00
970,Dr. Alex Wilson II,-76432260.00
971,Colin Phillips,0.00
972,Christopher Weber,-919076480.00
973,Sharon Castro,-753100300.00
974,John Young,-695110070.00
975,Kathy Haney,-103588350.00
976,Isabella Bradshaw,-285324710.00
977,Terry Frost,-179184520.00
978,Walter Salazar,-382658200.00
979,Benjamin Gonzalez,593731940.00
980,Rhonda Curtis,-515802960.00
981,Wendy Aguirre,-992969460.00
982,Christopher Dougherty,-298805180.00
983,Christopher Taylor,-927268570.00
984,Keith Norman,449439430.00
985,Donna Irwin,-970401420.00
986,Tiffany Rodriguez,-608755200.00
987,Heather Jensen,447582440.00
988,Sarah Huff,-996935730.00
989,Dr. Maureen Hodges,0.00
990,Megan Guzman,-599202370.00
991,,-70255030.00
992,Bethany Snyder,-254227820.00
993,Veronica Simmons,-681923590.00
994,Claudia Watson,-629236530.00
995,Janet Schmidt,-305602970.00
996,Franklin Wagner,-808290660.00
997,Laurie Rodriguez,0.00
998,Anthony Hunter,213307680.00
999,Nicholas Wise,-359355180.00
1000,Jeffrey Larson,-233167640.00
1001,Sarah Snow,-227018600.00
1002,Kelli Taylor,-743036300.00
1003,Bobby Cooper,-674634860.00
1004,Alexander Stone PhD,-483250760.00
1005,David Ramos,-347763410.00
1006,Deborah Hernandez,926981410.00
1007,Chelsea Graham,-464533860.00
1008,Jeremy Miranda,-176589070.00
1009,Kari Taylor,0.00
1010,Jonathan Wiggins,-372838620.00
1011,Cindy Evans,-665915210.00
1012,Jermaine Juarez,40538350.00
1013,Kim Reed,391364560.00
1014,Christine Mason,-309261240.00
1015,,-518683110.00
1016,Jennifer Flores,-196554380.00
1017,Deanna Gibson,-747557810.00
1018,Maria Thomas,-255235090.00
1019,Taylor Guzman,-867130960.00
1020,Courtney Johnson,-275282210.00
1021,Jonathan Jones MD,-193040180.00
1022,Nicholas Campbell,-674968230.00
1023,Alexis Hill,-8192620.00
1024,John Brown,-877248430.00
1025,Jennifer Carter,-273407180.00
1026,Beth Smith,-528018530.00
1027,Daniel Estrada,-743305290.00
1028,Steven Roberts,942977610.00
1029,Kenneth Smith,-246365130.00
1030,Joseph Day,-696399000.00
1031,Stacey Fields,-796219200.00
1032,Samantha Lawrence,-657713790.00
1033,Jessica Heath,-810464010.00
1034,Thomas Turner,-798583460.00
1035,Daniel Johnson,-997112850.00
1036,,-609886970.00
1037,Michael Valdez,-678645230.00
1038,Thomas Booth,-713048230.00
1039,,-548807670.00
1040,Karen Mann,-896733940.00
1041,Jared Jones,-988434430.00
1042,Alexis Hardy,109611040.00
1043,Paula Lucero,-522487890.00
1044,Michael Brewer,-708213830.00
1045,Stephen Parker,0.00
1046,Austin Stephens,-466135890.00
1047,Richard Brooks,-895977140.00
1048,Scott Coleman,-182192520.00
1049,John Allison,0.00
1050,Dr. Randall Garcia,-323812710.00
1051,Stephen Holder,-783296770.00
1052,Kayla Smith,-88944980.00
1053,Mrs. Beth Mills,-582018330.00
1054,Crystal Stevenson,-865926690.00
1055,Sean Orr,-817761870.00
1056,David Nixon,-38452110.00
1057,William Zimmerman,-468108460.00
1058,Laura Chapman,-603751330.00
1059,Anthony Herring,-490545380.00
1060,Joshua Mitchell,-581591240.00
1061,Samantha Kennedy,-553237470.00
1062,Paul Weeks,-415096900.00
1063,Cynthia Smith,-185023980.00
1064,Frederick Hendrix,-406671450.00
1065,Gary Howell,-896957820.00
1066,,-856212800.00
1067,Amanda Weaver,919217120.00
1068,Justin Choi,-415950390.00
1069,Keith Fernandez,-366599960.00
1070,Chad Hall,-60014180.00
1071,Christopher Johnson,-704035860.00
1072,Kevin Fisher,-669597930.00
1073,Brandon Bailey,-504339500.00
1074,,35044890.00
1075,Megan Martin,0.00
1076,Amanda Greene,-443206970.00
1077,Kathleen Henderson,774132370.00
1078,Roger Zimmerman,-359648300.00
1079,Stephen Murphy,-323082730.00
1080,Bianca Robinson,-31743980.00
1081,Samantha Adams,-64104280.00
1082,Levi Brooks,-353150600.00
1083,Jennifer Johnson,-613068750.00
1084,Derek Short,-531577890.00
1085,Anne Williams,-939517820.00
1086,Kim Lloyd,503991220.00
1087,Dylan Baker,-898550730.00
1088,Russell Tran,-553920250.00
1089,Kenneth Bowman,-735615150.00
1090,,-796452090.00
1091,Amy Dodson,-614953710.00
1092,Daniel Schaefer,-879974200.00
1093,Kelly Pitts,205060930.00
1094,Kathy Livingston,-984427840.00
1095,Rachel Jones,-884354160.00
1096,Austin Alvarez,-849636310.00
1097,John Cook,-372134160.00
1098,Melanie Martin,-193368150.00
1099,Tracy Jones,-521712000.00
1100,Daniel Miller,-759280870.00
1101,Christopher Larson,461691540.00
1102,Melissa Larson,-309480430.00
1103,,0.00
1104,Joshua Jennings,-230848990.00
1105,,-328375920.00
1106,David Christensen,0.00
1107,David Lopez,-462981460.00
1108,Jennifer Clark,-44810380.00
1109,Monique Perez,-204372070.00
1110,Martin Patel,-456693500.00
1111,Jennifer Hughes,-132992170.00
1112,John Conrad,-6654500.00
1113,Dakota Bryant,-990534200.00
1114,Nathaniel Ellison,-548845850.00
1115,Jonathan Lindsey,-668671840.00
1116,Laura Kaiser,-777618010.00
1117,Alicia Wood,-292626560.00
1118,Kari Robertson,146424960.00
1119,Dr. Charles Clay,-38521450.00
1120,Brandon Lewis,0.00
1121,Kelsey Conley,0.00
1122,Donald Parker,-307342180.00
1123,Elizabeth Edwards,-386035140.00
1124,Nicholas Solis,-973726390.00
1125,Brittney Harris,-842266530.00
1126,Joshua Bray,558608580.00
1127,Angela Garrett,-472685160.00
1128,Cory Cox,-243465070.00
1129,Thomas Fischer,-724056410.00
1130,Jessica Reed,-974829950.00
1131,Patricia Robbins,-945716070.00
1132,Craig Hall,-722039790.00
1133,Crystal Ryan,119549310.00
1134,Christian Smith,-980014390.00
1135,Elizabeth Edwards,-515619710.00
1136,Kathy Keller,-81251280.00
1137,Christopher Peck,-240873190.00
1138,Lance Henderson,-21879850.00
1139,Robert Marquez,-503463560.00
1140,Ryan Ochoa,-434594000.00
1141,,-787873810.00
1142,Peter Johnson,-544304430.00
1143,Cathy Johnson,-635201700.00
1144,Lisa Rodriguez,-805395000.00
1145,Michael Baldwin,617786160.00
1146,Meghan Sanchez,-599250010.00
1147,John Gutierrez,-981384750.00
1148,Meredith Lopez,0.00
1149,Joshua Smith,8374730.00
1150,,-799697500.00
1151,Sandra Kim,-228839290.00
1152,Brooke Sloan,-922574440.00
1153,Elizabeth Williams,-37546940.00
1154,Vincent Dickerson,-548188540.00
1155,Robert James,-702764990.00
1156,Rachel Fischer,-280951020.00
1157,Terry Gallagher,-973708840.00
1158,Kristen Chase,-674370110.00
1159,Christopher Griffin,410793640.00
1160,Charles Castaneda,-314989200.00
1161,Sara Norman,0.00
1162,Beth Quinn,-886466760.00
1163,Madeline Love,-172047270.00
1164,William Garcia,-846680520.00
1165,Karen Hill,-942800130.00
1166,Anthony Avery,-702056790.00
1167,Rachel Brooks,-444297900.00
1168,Michelle Brown,-52450410.00
1169,Scott Reed,-45099610.00
1170,Sue Schmidt,-604562680.00
1171,,-594669780.00
1172,Robert Pruitt,-344235930.00
1173,Teresa Howard,-608391380.00
1174,Regina Kennedy,-385207270.00
1175,Teresa Thompson,629683840.00
1176,Matthew Roberts,-752106880.00
1177,,-975394700.00
1178,Nicole Nelson,-705791800.00
1179,Christine Silva,-457176980.00
1180,Alyssa Burnett,-478091940.00
1181,Joshua Ortiz,-156846120.00
1182,Sonya Wilson,-799538480.00
1183,Robert Elliott,-256615490.00
1184,Mary Ball,-387944020.00
1185,,441785260.00
1186,Kayla Rogers,-754186680.00
1187,Billy Nguyen,-739840120.00
1188,Sandy Carlson,-677337510.00
1189,Vanessa Anthony,-488379080.00
1190,Kimberly Ryan,-124010060.00
1191,Jeffrey Gross,0.00
1192,Theresa Hardy,-680566950.00
1193,Thomas Horne,-991757540.00
1194,Ashley Patterson,-150608930.00
1195,Caroline Sparks,-275015510.00
1196,Latoya Sosa,-881678160.00
1197,,-662782480.00
1198,Carla Sanders,-659249760.00
1199,Mrs. Brittany Paul MD,-149690670.00
1200,Karla Snow,-908963670.00
1201,Jennifer Medina,-188692540.00
1202,Kelsey Hines,-228901940.00
1203,Jacob Banks,-204296480.00
1204,Steven Hammond MD,-228643760.00
1205,James George,-266728630.00
1206,Joseph Allen,0.00
1207,Elizabeth Bailey,-957850880.00
1208,Dr. Scott Salazar,-692614960.00
1209,Mr. Michael Martin,386146820.00
1210,Tara Johnson,-135566190.00
1211,Russell Chung,0.00
1212,Daniel Baldwin,-8292190.00
1213,Alexis Arroyo,-140767500.00
1214,Margaret Davis,-902503400.00
1215,Pamela Williams,-184941380.00
1216,Charles Suarez,-720358400.00
1217,Brian Moreno,-788030850.00
1218,Steven Goodman,-816452910.00
1219,Amy Cole,-431423070.00
1220,Adam Berger,-585669720.00
1221,Ryan Sullivan,-87280280.00
1222,Lindsay Meyer,-147904990.00
1223,Kyle Brandt,-368522700.00
1224,Steven Sosa,0.00
1225,Heather Molina,-42791780.00
1226,Nicole Payne,-340902260.00
1227,Laura Patel,-360925070.00
1228,Dean Arias,-468930890.00
1229,Luke Rogers,0.00
1230,Ann Horton,0.00
1231,Vanessa Jones,-413256900.00
1232,Cesar Bryan,-605398110.00
1233,Savannah Cole,-426847150.00
1234,Travis Cabrera,-330295050.00
1235,Adriana Short,-866496770.00
1236,Matthew Chang,-366175040.00
1237,Brian Leonard,-767475430.00
1238,Nathan Taylor,-210706110.00
1239,Samantha Macias,-355219550.00
1240,Donald Peterson,-87403510.00
1241,Melissa Franklin,-657301090.00
1242,Jamie Haynes MD,-780506170.00
1243,Jonathon Porter,-638523950.00
1244,Erin Green,-265360280.00
1245,Abigail Hansen,-376422820.00
1246,Ronald Mcdowell,-443400910.00
1247,Wesley Simmons,418185030.00
1248,Jason Carpenter,-223901740.00
1249,Barry Rosales,-342258370.00
1250,Brittany Larson,-534065740.00
1251,Brandon Webb,-337542360.00
1252,Crystal Hall,-950173470.00
1253,Andrew Brown,-818778790.00
1254,Jon Gibbs,-954742620.00
1255,Amy Lester,-225446500.00
1256,James Martinez,-465583400.00
1257,Justin Brooks,-293050740.00
1258,Janet Floyd,-736922440.00
1259,Mark Lee,0.00
1260,Melinda Maddox,-229922180.00
1261,Robert Robinson,-890554810.00
1262,Joseph Gillespie,0.00
1263,Karen Taylor,-551644780.00
1264,Tina Chan,0.00
1265,Todd Moran,-253617890.00
1266,Michael Sutton,0.00
1267,Leslie Munoz,-789976440.00
1268,Brooke Gates,-67102010.00
1269,Nicole Jones,0.00
1270,Christina Morton,-886452270.00
1271,Alyssa Meyer,-878598910.00
1272,Philip Cordova PhD,-265754390.00
1273,Lee Montgomery,-974929640.00
1274,Joseph Casey,0.00
1275,Sarah Flores,-281053100.00
1276,Frederick Reeves,-327060250.00
1277,Austin Watson,-290486290.00
1278,Kristen Rosales,-430563550.00
1279,Stefanie Johnston,-272895420.00
1280,Arthur Cross,0.00
1281,,-924059610.00
1282,Jonathan Morrow,-217044490.00
1283,Nathan Morales,-170440200.00
1284,Karen Stewart MD,-977304470.00
1285,Monica Simpson,-534638990.00
1286,Charles Lawson,-187917250.00
1287,Jonathan Yates,0.00
1288,Tina Pierce,-21355980.00
1289,Pam Colon,-413522430.00
1290,Mrs. Patricia Lopez,0.00
1291,Kimberly Mcknight,-626052230.00
1292,Lisa Moreno,-944098510.00
1293,Maurice Bentley,-208681840.00
1294,Ronald Diaz,-91511720.00
1295,Nicole Williamson,0.00
1296,Joseph Fuller,-438853640.00
1297,Jennifer Anderson,-360943290.00
1298,Melissa Jordan,-586912740.00
1299,Mr. Michael Jones,0.00
1300,Elizabeth Proctor,-806506410.00
1301,Garrett Aguirre,-331502740.00
1302,Terry Moore,-526784870.00
1303,Whitney Alvarez,-123478100.00
1304,Jason Santos,-534240260.00
1305,Danielle Brady,-284876310.00
1306,,-346133840.00
1307,Steven Howell,-625173200.00
1308,Elizabeth Hernandez,-966484550.00
1309,Felicia Long,-864143180.00
1310,Douglas Anderson,-169958000.00
1311,Olivia Rivera,-115201990.00
1312,Paula Thomas,-438482380.00
1313,Heather Perez,-909064010.00
1314,Danielle Wilson,-151181580.00
1315,Joshua Watson,-67048790.00
1316,Bradley Powell,-387702570.00
1317,Cody Rodriguez,-602262270.00
1318,Clarence Vaughan,560091080.00
1319,Richard Jordan,-526157960.00
1320,Patrick Boyd,-712806270.00
1321,Austin Long,-726837850.00
1322,Victoria Turner,389075330.00
1323,Patrick Davis,486093180.00
1324,Christopher Mendoza,-324996790.00
1325,Shannon Knight DDS,-948392310.00
1326,Paul Burgess,-614338840.00
1327,Jacob Johnson,0.00
1328,Chelsey Bell,-661519910.00
1329,John Nolan,-506821240.00
1330,Alicia Wilcox,0.00
1331,Ryan Harmon,-926247860.00
1332,Taylor Sanchez,-417359240.00
1333,Jared Liu,-701189200.00
1334,John Douglas,-327002690.00
1335,Mallory Brock,-327212990.00
1336,Christine Powell MD,-237487820.00
1337,Emma Holmes,-678089360.00
1338,Jacqueline Jenkins,-152924100.00
1339,Larry Bennett,-236907720.00
1340,Christopher Wise,-494725930.00
1341,Anthony Ramos,-685420870.00
1342,Melvin Reyes,-662885930.00
1343,Joseph Ramirez,-562428910.00
1344,Gina Thompson,-195561040.00
1345,Jennifer Massey,0.00
1346,Carlos Palmer,-975328910.00
1347,Megan Ruiz,-289572070.00
1348,Edwin Floyd,786419190.00
1349,Peter Quinn,-905972540.00
1350,Jennifer Jimenez,-437318040.00
1351,Lisa Diaz,-19183050.00
1352,Heather Murray,-854793820.00
1353,Jacob Chen,239611330.00
1354,Antonio Rodriguez PhD,113380510.00
1355,Angel Johnson,-867588400.00
1356,Jessica Brown,-500119010.00
1357,Jessica Mckay,-711273710.00
1358,Christopher Gardner,-310801690.00
1359,Veronica Burch,-926041660.00
1360,Christina Baker,-553338430.00
1361,David Crawford,549450420.00
1362,Scott Stewart,-673549840.00
1363,Angel Hutchinson,34641630.00
1364,,-41442200.00
1365,Sarah Dennis,-895700150.00
1366,Victoria Gallagher,-387019410.00
1367,Pamela Watson,-920585880.00
1368,Raymond Sutton,-763431590.00
1369,Donald Sandoval,-391074540.00
1370,Chelsea Diaz,-453855850.00
1371,Tony Freeman,0.00
1372,Sarah Garza,641035560.00
1373,Dylan White,-635382500.00
1374,Thomas Martin,-982404960.00
1375,Michael Woods,0.00
1376,Deborah Steele,-340169240.00
1377,Michael Watson,-621303360.00
1378,,341267420.00
1379,Eric Williams,-564706970.00
1380,Michael Erickson,880884060.00
1381,Joel Perry,360360650.00
1382,Shannon Patton,-887366780.00
1383,Dr. Amy Marks,-25557770.00
1384,Barbara Thomas,48785610.00
1385,,-174318970.00
1386,Linda Sherman,-282993280.00
1387,Natasha Estrada,-813120920.00
1388,Andrew Johnson,-487097920.00
1389,Ashley Pierce,-442608040.00
1390,Jeremy Lopez,-492731530.00
1391,Michael Farrell,-922007130.00
1392,Megan Reed,-718711320.00
1393,John Taylor,-456019230.00
1394,Douglas Anderson,-895535840.00
1395,Roy Stevens,0.00
1396,Whitney Young,282798020.00
1397,,-936774260.00
1398,Linda Bailey,-944797400.00
1399,Danielle Arnold,-396760770.00
1400,Michelle Moon,-566609520.00
1401,,-202715030.00
1402,Richard Hood,-948794400.00
1403,Erica Wright DVM,-513210510.00
1404,Brittany Harper,-338441440.00
1405,Cory Anderson,-867557500.00
1406,Robert Mosley,-375132740.00
1407,Sally Brown,-455020220.00
1408,Sandra Price,-693743140.00
1409,Joanne Blackwell,-535941630.00
1410,Jacob Fisher,-305131040.00
1411,Elizabeth Farley,-378673180.00
1412,Christine King,-153437100.00
1413,Melissa Holmes,-893945730.00
1414,Emily Miller,-785871000.00
1415,Taylor Snyder,-659932700.00
1416,,-196704000.00
1417,Harold Cole,-273978720.00
1418,Mrs. Kerry Norman,295012980.00
1419,Anna Black,-725818610.00
1420,Zachary Martin,338233280.00
1421,John Bennett,-783416060.00
1422,Amanda Harris,-629302020.00
1423,Stefanie Cross,-520836700.00
1424,Rebecca Schultz,-828853270.00
1425,William Sawyer,-561932370.00
1426,Tammy Mason,-110766630.00
1427,,-988592940.00
1428,Daniel Craig,-895794170.00
1429,Stephanie Jones,-804140260.00
1430,Destiny Freeman,-840078860.00
1431,Shirley Lopez,-590929610.00
1432,Jerry Andrews,-793342640.00
1433,Andres Garcia MD,765226660.00
1434,Andrea Martinez,-801090010.00
1435,Tony Cline,-86593750.00
1436,,-144382290.00
1437,Jimmy Boyer,-470230330.00
1438,Carrie Davidson,-210981810.00
1439,Margaret Hurst,-499453980.00
1440,James Williams,0.00
1441,Wesley Shannon,-497603170.00
1442,Tyler Reese,-782593770.00
1443,Deborah Pitts,-828360830.00
1444,Sylvia Cooper,-826539460.00
1445,Donald Perez,-620494430.00
1446,Michelle Blair,0.00
1447,John Navarro,-469457690.00
1448,Russell Turner,-648705940.00
1449,Jessica Taylor,-832324610.00
1450,Mitchell Christensen,-85373350.00
1451,Cynthia Avery,-619238940.00
1452,Omar Bowers,-789117770.00
1453,Kelly Hess,-629105830.00
1454,Derrick Thompson,-900822950.00
1455,Jessica Avila,-213540440.00
1456,Jeremiah Le,-659006690.00
1457,Christopher Wilson,-497796960.00
1458,Joel Weber,-575753590.00
1459,George Gay,-253531710.00
1460,,-488588670.00
1461,Jordan Oliver,-882805390.00
1462,Gregory Johnson,-217245730.00
1463,Mr. Michael Singleton,-43760150.00
1464,Cheryl Collins,-734321050.00
1465,Jamie Wolfe,-561128880.00
1466,Calvin Mathews,-285655590.00
1467,Roy Horn,-411009990.00
1468,Roger Gonzalez,-510540770.00
1469,Lawrence Jennings,-120505950.00
1470,Amber Soto,-736208650.00
1471,Robert Clark,-56668510.00
1472,Eileen Randolph,533040380.00
1473,Jessica Newman MD,-765126920.00
1474,Whitney Steele,-476958680.00
1475,Shawn Smith,-515233450.00
1476,Jeffrey Davidson,-188989970.00
1477,Amanda Nelson,-710276650.00
1478,Shannon Johnson,-592333410.00
1479,Angela Torres,-844121550.00
1480,Natalie Anderson,74553540.00
1481,Brandon Johnson MD,-740540450.00
1482,Samantha Ortega DDS,519031370.00
1483,Sarah Clark,-896553910.00
1484,Brandon King,-412181500.00
1485,Jeremy Parker,-624782650.00
1486,Susan Holt,-657037550.00
1487,Tina Brooks,-17781030.00
1488,Cathy Hull,0.00
1489,Tracey Wilson,103264970.00
1490,Lonnie Wright,-835883820.00
1491,Stephanie Hampton,-264683910.00
1492,Michele Caldwell,-792033400.00
1493,Devin Wilkins,-525595580.00
1494,,96656030.00
1495,Darius Orr,278762860.00
1496,Matthew Vega,-567312820.00
1497,Isaac Jimenez,-605285850.00
1498,Joseph Rhodes,-473208900.00
1499,Lindsey Mathews,-702260970.00
1500,Timothy Smith,-197809540.00
1501,Michael Bauer,-417583300.00
1502,Rachel Higgins,-552343070.00
1503,Antonio Russell,-214159830.00
1504,Troy Robertson,-822048040.00
1505,Luis Mullins,-293289460.00
1506,Scott Washington,0.00
1507,Brooke Garcia,-972964050.00
1508,Yvonne Jackson,-180257350.00
1509,Joseph Li,0.00
1510,Douglas Carlson,-818044600.00
1511,Brenda Patterson,-222748880.00
1512,Victoria Patterson,-784923280.00
1513,Samuel Burke,-763839230.00
1514,,-196914710.00
1515,Amanda Hunter,0.00
1516,Jacqueline Simpson,-549083390.00
1517,John Hunt,-853469380.00
1518,Kyle Webb,-272562700.00
1519,Melissa Morton,-625902650.00
1520,Hannah Sanchez,-891145890.00
1521,Paula Johnson,-411883950.00
1522,Matthew Gardner,-903664150.00
1523,Christopher Salas,-585511770.00
1524,Justin Bray,-157342940.00
1525,William Gutierrez,0.00
1526,Patrick Kelley,0.00
1527,Johnathan Lewis,-709382710.00
1528,Nathaniel Smith,-987878060.00
1529,Angela Rodriguez,-622785550.00
1530,Robert Gomez,-657900060.00
1531,Frederick Smith,0.00
1532,Kelly Stephens,-219740870.00
1533,Daniel Garza,0.00
1534,Nicholas Solis,-497231940.00
1535,Christopher Beasley,-406801910.00
1536,Cory Reed,-532872180.00
1537,Tina Lutz,-327969260.00
1538,Christopher Pratt,-342785320.00
1539,Joseph Mckenzie,0.00
1540,Eric Murphy,-762830860.00
1541,Erin Clark,-96884020.00
1542,Allison Brown,-810555720.00
1543,Christopher Lee,839586960.00
1544,Anne Tran,-90650840.00
1545,Dalton Baker,0.00
1546,Joshua Holt,-746657190.00
1547,Tiffany Holden,-154427890.00
1548,Billy Boyd,-329379070.00
1549,Holly Johnson,-652924390.00
1550,Judith Hanna,335695970.00
1551,Jason Hudson,-916772710.00
1552,Cory Smith,484214000.00
1553,Thomas Hunt,-592059760.00
1554,John Colon,-171014420.00
1555,Kimberly Woods,-529169710.00
1556,John Mason,-927783900.00
1557,William White,601191760.00
1558,Dana Atkinson,-928725180.00
1559,Shawn Rogers,-579556480.00
1560,Thomas Mcpherson,-4946700.00
1561,Carl Reyes,212330110.00
1562,Kevin Woods,-890549330.00
1563,Thomas Wilson,-821626360.00
1564,Sierra Duke,-417357520.00
1565,Julia Sweeney,-462045660.00
1566,,-466179650.00
1567,Rita Reyes MD,-882174800.00
1568,Shannon Carlson,-566706340.00
1569,Bobby Bridges,-663549390.00
1570,Daniel Stevens,-26708130.00
1571,Michael Wilson,-751801570.00
1572,Richard Jones,741379150.00
1573,Amanda Morrow,-746117150.00
1574,Mary Schmitt,-396291690.00
1575,Heather Dean,-44014290.00
1576,Sarah Fletcher,-31765470.00
1577,Bethany Vega,0.00
1578,,-340676740.00
1579,,42082160.00
1580,Casey Reed,-957015070.00
1581,Julie Velez,382132730.00
1582,Lindsey Butler,-679621540.00
1583,Katherine Martinez,-252066500.00
1584,Laura Burton,-6261690.00
1585,Michael Norman,-998390540.00
1586,Jeffrey Middleton,714649990.00
1587,Aaron Branch,-526302600.00
1588,Christine Johnson,-585396070.00
1589,Jessica Carter,-470620970.00
1590,,-935785300.00
1591,Joan Wilkinson,-506489240.00
1592,Ariana Wagner,-310881560.00
1593,Nina Church,-34013610.00
1594,Chad Huffman,-330982350.00
1595,Jeffrey Singh,743134380.00
1596,Brad Hopkins,-427794220.00
1597,Michael Sparks,-72951310.00
1598,Deanna Holland,-240604240.00
1599,Steven Brown,-239826620.00
1600,Daniel James,-943458770.00
1601,Megan Wells,-411904100.00
1602,Candace Heath,-6206590.00
1603,James Ray III,0.00
1604,Melanie Simpson,-886504500.00
1605,Crystal Snyder,-718804070.00
1606,Gabrielle Johnson,-77507760.00
1607,Robert Cook,-102697880.00
1608,Michael Dixon,-693322220.00
1609,Carla Garcia,-350885790.00
1610,Peter Henderson,446375610.00
1611,Kyle Arnold,-460082570.00
1612,Michael Marshall,-982411040.00
1613,Brandon Nelson,-80573870.00
1614,Jamie Leonard,-742652280.00
1615,Nathan Clark,999536180.00
1616,Bill Jones,-666060690.00
1617,Spencer Boyd MD,-478025490.00
1618,Erin Green,-240826580.00
1619,Dr. Dana Rice,0.00
1620,Jessica Ward,-456449330.00
1621,Michael Sanchez,-473194940.00
1622,Cameron Terry,-161038580.00
1623,Angela Martin,183410820.00
1624,William Williams,-183201440.00
1625,Donald Smith,-855445320.00
1626,Timothy Walker,-606319410.00
1627,Whitney Cortez,0.00
1628,Steven Pratt,-769543570.00
1629,Tim Schmidt,-66229370.00
1630,Paul Spears,-336086540.00
1631,William Riley,-745358340.00
1632,Jodi Mitchell,-195455300.00
1633,Benjamin Cox,562652630.00
1634,Amanda Mccall,-600283250.00
1635,Max Leach,-98747640.00
1636,Michael Cox,-911727310.00
1637,Jacob Jones,-375965260.00
1638,Amy Cohen,-772223770.00
1639,Megan Romero,-470525480.00
1640,Vincent Weber,-231233830.00
1641,Matthew Blair,-413328660.00
1642,Mr. Richard Baker,-579099290.00
1643,Jamie Webster,-972188860.00
1644,Mandy Johnson,-60589660.00
1645,Jeffery Coleman,-308006040.00
1646,Cheryl Quinn,-802128460.00
1647,Matthew Mccoy,-789867390.00
1648,,0.00
1649,Mark Atkinson,-43910190.00
1650,Tommy Cook,-484662140.00
1651,Jody Case,88305910.00
1652,Vanessa Thomas,-97967690.00
1653,John Villanueva,-492321650.00
1654,,-304612490.00
1655,Jamie Johnson,-295774680.00
1656,Daniel King,-295345650.00
1657,Rebecca Kidd,0.00
1658,Christopher Campbell,-653910290.00
1659,Joshua White,-773388930.00
1660,Yolanda Martinez,0.00
1661,Lisa Castro,-44713560.00
1662,Jordan Huffman,-64532120.00
1663,Marc Diaz,-296071800.00
1664,,0.00
1665,Christopher Sims,885747300.00
1666,Elizabeth Frank,-144275610.00
1667,Kimberly Pope,-901904390.00
1668,Darren Poole,-564743380.00
1669,Darren Beck,-527624410.00
1670,Robert Aguilar,-828648110.00
1671,Charles Ryan,-644462730.00
1672,William Hess,-763847900.00
1673,Joseph Johnson,348122280.00
1674,Dr. Ricky Fletcher,-235202220.00
1675,Kristi Sharp,-426089870.00
1676,,-851354560.00
1677,Casey Johnson,-383318470.00
1678,Mark Cain,-488686030.00
1679,,-660439280.00
1680,Michelle Mccall,-679049260.00
1681,Christopher King,-502944820.00
1682,Michael Moore,-521435060.00
1683,Jason Mcmahon,-942053590.00
1684,Melissa Stokes,-963194930.00
1685,John Valdez,-977183160.00
1686,Elaine Christensen,-976557360.00
1687,Daniel Salazar,-168349600.00
1688,Elizabeth Johnson DVM,-242831590.00
1689,Jessica Lang,-150956780.00
1690,Tina Mcdonald,528424140.00
1691,Elizabeth Smith,-722785170.00
1692,Jeffrey Castillo,-737897970.00
1693,Jermaine Tucker,-348994100.00
1694,Lisa Pittman,-507577000.00
1695,,-64386070.00
1696,,-52519760.00
1697,James Le,-714599390.00
1698,Thomas Thomas,-543609540.00
1699,Brandi Eaton,0.00
1700,Joel Stone,-286171400.00
1701,Ryan Rose,-919982960.00
1702,,-113951730.00
1703,Tonya Walters,-734556700.00
1704,Ms. Alexandra Robinson,-336233800.00
1705,Darrell Martin,-696144080.00
1706,Alec Brooks,-918733470.00
1707,Jay Hall,-153612900.00
1708,David Marshall,-740143680.00
1709,Duane Diaz,0.00
1710,Tiffany Williams,-646362190.00
1711,Derrick Huff,-74165190.00
1712,Wendy Santiago,-895284620.00
1713,Daniel Bryant,-837355420.00
1714,Tommy Williamson,-996037900.00
1715,Brooke Whitaker,-433083230.00
1716,Nicole Howell,-988091960.00
1717,Bethany Ayala,-435536520.00
1718,David Wright,-480821100.00
1719,Misty Ingram,-337705080.00
1720,Jared Cunningham,-761408170.00
1721,Jean Johnson,-392001220.00
1722,Renee French,-905386320.00
1723,Catherine Wallace,-837828090.00
1724,Ian Schmitt,-82308010.00
1725,Kimberly Walton,-192518500.00
1726,Jesse Adams,-360253560.00
1727,Christopher Williams,-400672660.00
1728,Amber Griffin,-134027360.00
1729,George Rice,-365025370.00
1730,Olivia Romero,-748851500.00
1731,Mark Stewart,-222311010.00
1732,Ashley Walters,-256105770.00
1733,Christopher Hall,-252002170.00
1734,Brent Luna,-707787330.00
1735,Allison Phillips,-547222350.00
1736,Donald Hoffman,-949908470.00
1737,,-671062410.00
1738,Melissa Davis,-886000720.00
1739,Erin Bradley,-170103660.00
1740,Peter Miller,-507690470.00
1741,Jon Banks,-567435740.00
1742,Benjamin Brown,-216816140.00
1743,Carla Ward,-194634620.00
1744,Teresa Drake,-471650280.00
1745,Steven Davis,-636531440.00
1746,Mark Kerr,-691956640.00
1747,Ashley Haney,424321630.00
1748,Angelica Carroll,-265431320.00
1749,Timothy Espinoza,-179215790.00
1750,Taylor Moore,-944959700.00
1751,Michael Williams,-909920050.00
1752,Lorraine Allen,789460910.00
1753,Beverly Cole,598169850.00
1754,David Garcia,-448830550.00
1755,Morgan Moore,-319698950.00
1756,Craig Ross,-753985450.00
1757,Bradley Mcdaniel,-754564940.00
1758,Jeffery Evans,-640555260.00
1759,Brittany Sweeney,-482488700.00
1760,Karen Higgins,-367743440.00
1761,Wendy Williams,-855578400.00
1762,Erin Fields,0.00
1763,Ashley Daniels,-826844670.00
1764,Mary Dennis,-235785560.00
1765,Kathleen Crawford,523970620.00
1766,Paul Ward,-435417520.00
1767,Timothy Miller,-374475290.00
1768,Dana Parker,-175360250.00
1769,Todd Sherman,-712780620.00
1770,Sean Johnson,0.00
1771,Sharon Murphy,-19232830.00
1772,Maria Horn,-933987510.00
1773,Brian Franklin,-988759310.00
1774,Anthony Dixon,-425793700.00
1775,,-709840420.00
1776,Jacqueline Newman MD,-786985080.00
1777,Kevin Adkins,-361610900.00
1778,David Stuart,-260193220.00
1779,Julia Grant,-7292450.00
1780,Nicholas Hamilton,-283691840.00
1781,Kimberly Barnett,-632917390.00
1782,Jessica Larson,519235950.00
1783,Lee Mills,-253249980.00
1784,Richard Donaldson,-611927780.00
1785,Rebecca Mills,-69511780.00
1786,James Mayer,168784960.00
1787,Anthony Anderson,-444605060.00
1788,Stephanie Davis,-5676240.00
1789,Steve Adams,-922251120.00
1790,Christina French,-73773000.00
1791,Brittney Soto,72971550.00
1792,Angela Wang,-362958540.00
1793,Steve Hayes,-277810140.00
1794,Meghan Cole,-202998730.00
1795,Pedro Soto,-69853750.00
1796,Angela Murphy,629639030.00
1797,Wanda Melendez,-603141900.00
1798,Mr. Sean Martin,-422886560.00
1799,John Smith,-826788540.00
1800,Julia Bright,-354105820.00
1801,Yolanda Banks,-95283470.00
1802,,-420968680.00
1803,Lindsay Malone,-952406070.00
1804,,-727537000.00
1805,Derrick Collins,-639015720.00
1806,Stephanie Johnson,-402335890.00
1807,Aaron Moore,-77358410.00
1808,Stephen Miller,-678078530.00
1809,Sharon Cruz,-815431480.00
1810,John Moore,-615272390.00
1811,,0.00
1812,Sean Wilson,-735781360.00
1813,Amber Underwood,-872090.00
1814,Jason Summers,-663714420.00
1815,Gabriella Thomas,288783860.00
1816,Stephanie Williams,-834366880.00
1817,Elizabeth Reid,-541920370.00
1818,Travis Campbell,-879843200.00
1819,Kelly Harrison,60753210.00
1820,Deanna King,-756749740.00
1821,Linda Porter,-957370930.00
1822,Paige Baldwin,-440272250.00
1823,Philip Rogers,-722463770.00
1824,Dennis Marshall,-169458050.00
1825,Richard Davis,-821869020.00
1826,,-728706480.00
1827,Russell Flowers,-453337470.00
1828,Virginia Wood,-109736690.00
1829,,-717195510.00
1830,Regina Barnett,-379036310.00
1831,Lucas Ryan,-602037320.00
1832,Ian Montgomery,-982298530.00
1833,Todd Juarez,-501919340.00
1834,Hannah Avila,-141632340.00
1835,Denise Dixon,-406084170.00
1836,Jennifer Wagner,-360216760.00
1837,Vincent Gardner,-528929580.00
1838,,-300073130.00
1839,Michele Huang,-349545760.00
1840,Angela Walters,-752232360.00
1841,Kevin Mills,-643569780.00
1842,Cindy Bishop,-707428270.00
1843,Sean Hunt,-761596540.00
1844,Amy Hines,-802636500.00
1845,Jamie Campbell,-150943800.00
1846,Rebekah Gonzalez,-590367550.00
1847,Alex Howard,-311427760.00
1848,Nicholas Doyle,-462070250.00
1849,Lauren Spence,-740541340.00
1850,Darius Walker,-295275010.00
1851,Sara Matthews,-483261640.00
1852,,659382590.00
1853,Darrell Garcia,0.00
1854,Lori Fisher,-980915020.00
1855,Linda Richardson,-225251470.00
1856,Jacob Davis,235789340.00
1857,Andrew Robinson,0.00
1858,Cindy Ramirez,-14596770.00
1859,Joseph Turner,-129477010.00
1860,Holly Smith,-785598750.00
1861,Madison Mcmillan,-842626220.00
1862,Nicole Meyer,-587245130.00
1863,Megan Williams,715314200.00
1864,Alexander Humphrey,-22790990.00
1865,Tracy Reese,-526846920.00
1866,Cassandra Cook,-139068660.00
1867,Dr. Dennis Kaiser,-47283780.00
1868,Phillip Hahn,474760440.00
1869,Jason Kennedy,-943916390.00
1870,Morgan Johnson,-357180750.00
1871,Seth Mckenzie,-893364940.00
1872,Jeffrey Holt,568241410.00
1873,John Decker,-244074800.00
1874,Deborah Boyd,-140099320.00
1875,Brian Knight,-337193460.00
1876,Todd Pierce,0.00
1877,Angela Cooke,-18740120.00
1878,,-996127910.00
1879,,-118071330.00
1880,Robert Davis,-314615730.00
1881,Benjamin Beasley,-726933950.00
1882,Sharon King,-852572850.00
1883,Kimberly Moreno,-558043970.00
1884,Debra Walker,-176531780.00
1885,Richard Richard,-719897280.00
1886,Candace Lam,-611294610.00
1887,Charles Miller,-317857870.00
1888,Jordan Harris,-378315210.00
1889,Michael Reid,0.00
1890,Elizabeth Simpson,-111127020.00
1891,Michael Ryan,-78796230.00
1892,Chase Malone,0.00
1893,Timothy Carlson,-401685160.00
1894,Richard Gray,-513086360.00
1895,David Jacobs,-344567470.00
1896,Glenn Johnson,0.00
1897,William Miller,-945447020.00
1898,Sheila Sharp,-641615580.00
1899,Tara Allen,0.00
1900,Krista Hanson,803725550.00
1901,David Harrington,975220720.00
1902,Terry Johnson PhD,423726450.00
1903,Mallory Bush,-429382060.00
1904,Timothy Thompson,280215650.00
1905,Tonya Black,-534688420.00
1906,Sarah Johnson,-901961110.00
1907,Matthew Cole,-822243500.00
1908,David Blackwell,-509588610.00
1909,Sherry Cunningham,-168868430.00
1910,Mikayla Adams,-109123870.00
1911,Rachel Thomas,-714767550.00
1912,Jonathon Smith,-555646690.00
1913,Curtis Fletcher,-634456260.00
1914,Lawrence Patton,-9887150.00
1915,Melissa Phillips,-159671850.00
1916,Karen Lozano,-259437430.00
1917,Gabriel Odom,-137007430.00
1918,Mary Watson,-594583630.00
1919,Ariana Miller,-115876270.00
1920,Adam Smith,-911190350.00
1921,Shawna Gonzalez,-278207130.00
1922,Jennifer Taylor,-245455810.00
1923,Joshua Rodriguez,-615921490.00
1924,,-473622620.00
1925,Kevin Schmidt,-7386100.00
1926,Jennifer Wyatt,-601432400.00
1927,Erin Byrd,-870075780.00
1928,Justin Smith,-738328420.00
1929,Donald Sullivan,-819508080.00
1930,Lisa Mason,-871476340.00
1931,Diana Johnson,-631795440.00
1932,Joseph Cardenas,-327208460.00
1933,Angel Phelps,-786853110.00
1934,Michael Gutierrez,-947066220.00
1935,Jason Fisher,-126147020.00
1936,Daniel Rivera,-946196760.00
1937,Kimberly Howard,-703582740.00
1938,Pamela Taylor,-359741180.00
1939,Carmen Cook,-49771480.00
1940,,-854065690.00
1941,Kim Thomas,0.00
1942,Michael Ho,-596936710.00
1943,Dawn Rocha,-899097130.00
1944,Jordan Glenn,-835649600.00
1945,Kellie Wheeler,-253296170.00
1946,Joy Mccullough,-958099390.00
1947,,-661527680.00
1948,Stephanie Dean,-616247220.00
1949,John Hodges,-578897360.00
1950,Lisa Miller,-587276050.00
1951,Erika Fox,-491668980.00
1952,Kevin Barnett,-358014560.00
1953,Lindsay Fields,-668781120.00
1954,Jeffery Mendoza,-57478070.00
1955,Justin Zimmerman,-601270470.00
1956,Jennifer Melton,-82698860.00
1957,Cameron Hoffman,-106575850.00
1958,William Sanders,-41546120.00
1959,Jason Johnson,0.00
1960,Mario Robertson,-507431990.00
1961,Matthew Price,-591310670.00
1962,Casey Carpenter,-883881450.00
1963,Michael Holmes,-238017340.00
1964,Jennifer Hamilton,-389987510.00
1965,Michael Walter,-399902310.00
1966,Joshua Hernandez,-902723000.00
1967,Monica Johnson,0.00
1968,Tyler Valencia,-150841010.00
1969,Carrie Harrison,-334044480.00
1970,Anthony Lindsey,-906288190.00
1971,Ashley Collier,269313510.00
1972,Karen Underwood,-998086430.00
1973,John Wilson,-634537520.00
1974,Jenna Trujillo,-358525250.00
1975,Edward Love,0.00
1976,Craig Young,-615111340.00
1977,Matthew Hoffman,-437989900.00
1978,Sean Jones,0.00
1979,Eric Cruz,-618045940.00
1980,Brandy Davis,927047290.00
1981,David Wilson,-847182780.00
1982,Timothy Taylor,-159394270.00
1983,Russell Hampton,-449661380.00
1984,James Chase,-954051340.00
1985,Elizabeth Larson,-48110490.00
1986,Rebecca Crawford,106390700.00
1987,Alicia Mcdonald,-465478200.00
1988,,-739104850.00
1989,Juan Jones,0.00
1990,Lisa Freeman,537023550.00
1991,Ashley Adams,-37912930.00
1992,Anna Mitchell DDS,116652740.00
1993,Ryan Grant,-836271430.00
1994,Mark Davis,-724067450.00
1995,Anthony Mendez,667524430.00
1996,Antonio Khan,-633037320.00
1997,Robin Moore,-734116980.00
1998,Rodney Wright,-416322500.00
1999,Alexis Alvarado,-761252530.00
2000,Paul Arias,-402650150.00
