ID,Basic,Name
1,998190010.00,Margaret Rhodes
2,630317200.00,Stephanie Norton
3,268354820.00,Lindsay Gallagher
4,476311620.00,Rebecca Cooper
5,964801000.00,Craig Cherry
6,390249340.00,Cassie Thomas
7,889025270.00,
8,606190070.00,David Parker
9,254620620.00,Nicholas Clark
10,-441875470.00,Bruce Larson
11,803933760.00,Louis Cobb
12,,Linda Johnson
13,52004730.00,Kevin Bryan
14,851855150.00,Ann Mccoy
15,50156960.00,Ryan Richardson
16,-44216070.00,Gregory Beck
17,853349510.00,Anthony Castillo
18,432053250.00,Michael Lam
19,851583300.00,Joseph Powell
20,245859600.00,Tara Smith
21,708762260.00,Ethan Bailey
22,544033640.00,Denise Pena
23,178899270.00,
24,313598910.00,
25,306821280.00,Teresa Newton
26,416811750.00,Aaron Smith
27,987941960.00,Jimmy Perry
28,486688190.00,Jennifer Li
29,512444540.00,Joann Brown
30,284687860.00,Samantha Murphy
31,194670700.00,Matthew Lopez
32,712718210.00,Mark Guerrero
33,495603190.00,Samantha Zuniga
34,400539610.00,Jeffrey Scott
35,0.00,Cindy Johnson
36,243137120.00,Sean Clay
37,177449510.00,Brandon Torres
38,0.00,Heather Schultz
39,867780130.00,Christina Phillips
40,309572460.00,Shane Reese
41,807773820.00,Brad Hall
42,590796710.00,Aaron Walker
43,633361220.00,Lindsey Mcdaniel
44,134502680.00,Michelle Salazar
45,881487910.00,Daniel Parsons
46,118129820.00,Andrea Smith
47,198717620.00,Morgan Stewart
48,118361680.00,Thomas Johnston
49,78857890.00,Laura Simpson
50,487844210.00,Nicholas Rojas
51,880666820.00,Karen Odom
52,289009140.00,Anthony Jones
53,544515690.00,
54,762094640.00,Nicole Campbell
55,247325100.00,Travis Davenport
56,655762210.00,Stephanie Spence
57,699591330.00,Benjamin Ramsey
58,145104870.00,Maureen Rodgers
59,676782950.00,Stephanie Murray
60,874229460.00,Kayla Long
61,225614600.00,Raven Anderson
62,7499300.00,Michael Williams
63,873823480.00,Melanie Ward
64,463550510.00,Kimberly Gordon
65,652056290.00,Keith Phillips
66,63077400.00,Ashley Greene
67,596519840.00,Marc Johnson
68,-697579510.00,Karla Young
69,947302060.00,Danielle Lopez
70,705570830.00,Joseph Johnson
71,0.00,Jennifer Johnson
72,123766870.00,Rodney Sullivan
73,0.00,Adrian Ramirez
74,832877460.00,Mitchell Campbell
75,787033030.00,Ricky Frazier
76,648842760.00,Desiree Fernandez
77,54866720.00,Robert Daniels
78,309469640.00,Jacob Harvey
79,797200550.00,
80,607770400.00,Caitlin Webb
81,507649720.00,Kimberly Lewis
82,84067580.00,Deborah Goodwin
83,20461330.00,Jordan Moore
84,630462430.00,Catherine Farrell
85,656145400.00,Gerald Lawson
86,707305050.00,Maria Woodard
87,142754650.00,Katie Davis
88,421695270.00,
89,374645720.00,Mrs. Nichole Johnson
90,147488070.00,Ryan Hicks
91,558591530.00,Erin Anderson
92,354153840.00,
93,831711200.00,Jacob Cole
94,883268260.00,Robert Walker
95,844168880.00,Henry Roth
96,-520484810.00,Jason Davis
97,,Nancy Newman
98,756133870.00,Lauren Haynes
99,329160780.00,Ashley Curtis
100,793081720.00,James Moore
101,386288440.00,Benjamin Aguirre
102,647260670.00,Donald Lewis
103,0.00,Tanner Buchanan
104,402959210.00,Kristin Olson
105,909465270.00,Mrs. Ashley Smith MD
106,646925660.00,Ralph Ortega
107,296399490.00,Eric Hernandez
108,270457620.00,Tyler Simmons
109,507895470.00,James Dawson
110,518914840.00,Daniel Miller
111,945247130.00,Austin Huynh
112,920362830.00,Benjamin Hall
113,35723190.00,Kim Craig
114,,Christopher Riggs
115,506050020.00,Michelle Schmidt
116,786460470.00,William Olsen
117,212395190.00,
118,-51521850.00,Stephen Andrews
119,195795110.00,Anne Kelly
120,55298240.00,David Ruiz
121,-896704180.00,Jennifer Jones
122,-742014420.00,Patricia Young
123,866852490.00,Justin Huber
124,462816760.00,Brandi Hudson
125,102692080.00,Christopher Brooks
126,582051130.00,Karen Solis
127,238736650.00,Amanda Roman
128,546212810.00,Cynthia Martin
129,260334580.00,Stephanie Dickerson
130,32219660.00,Sharon Hall
131,149580620.00,Cameron Patel
132,484201260.00,Charles Kaiser
133,309910960.00,Nathan Armstrong
134,142317080.00,Daniel Walker
135,-379449750.00,Laurie Gallagher
136,242272260.00,Deborah Wells
137,577063700.00,Michael White
138,991124330.00,Sally Garcia
139,447073920.00,Patricia Miles
140,512076020.00,Theresa Pham
141,469878450.00,Mitchell Manning
142,-587753370.00,Courtney Johnson
143,61713790.00,
144,68293270.00,Tina Morgan
145,275263400.00,Kristin Jacobs
146,424412430.00,
147,981467230.00,Jon Tran
148,,Andrea Watkins
149,43259790.00,Karen Hill
150,125425680.00,Stephen Frank
151,668218210.00,Samuel Fields
152,718072270.00,Aaron Johnson
153,673594380.00,Eric Juarez
154,375891550.00,Ana Mckenzie
155,973420250.00,Ashley Duarte
156,727429710.00,Adrian Jacobson
157,219842110.00,Michael Cooper
158,-725562680.00,Ricky Hull
159,141520460.00,John Dean
160,771455440.00,Susan Taylor
161,648479680.00,Jonathan Woods
162,110126840.00,Ashley Mccullough
163,58070.00,Lauren Jones
164,498824740.00,Dalton Cruz
165,0.00,Gina Ruiz
166,183617390.00,Mary Brown
167,458078960.00,Dr. William Kelly Jr.
168,703882480.00,Michael Valdez
169,42868640.00,Julie Peters
170,500290100.00,Erik Conrad
171,466469480.00,Brian Ritter
172,652874610.00,Elizabeth Grant
173,83006650.00,Arthur Jones
174,739630200.00,Shawn Morgan
175,53088230.00,Jennifer Hale
176,338688880.00,Meghan Alvarez
177,259981060.00,
178,118782760.00,
179,36960010.00,Cynthia Bradley
180,107264510.00,Matthew Pena
181,184134500.00,Robert Jennings
182,616502720.00,Scott Martinez
183,607422730.00,Jennifer Warner
184,593575110.00,Jacqueline Griffin
185,731240640.00,Alexandra Wolfe
186,634105550.00,Bruce Moss
187,649513620.00,Julie Kent
188,841421410.00,Miss Joann Ferguson DVM
189,866895270.00,Cheryl Soto
190,44488530.00,Beth Williams
191,465344830.00,Dawn Brown
192,358983730.00,Rodney Petersen
193,496823960.00,
194,526797640.00,Jared Manning
195,634982690.00,Kimberly Shelton
196,107377410.00,Alyssa King
197,609152000.00,Melissa Whitehead
198,351857440.00,Andrea Davis
199,553700320.00,Michael Wade
200,621181210.00,Clayton Ellis
201,401036400.00,John Anderson
202,307858270.00,Diane Brown
203,308763890.00,Natalie Bishop
204,348366460.00,William Good
205,422509180.00,Deanna Powers
206,787615820.00,
207,341126330.00,Patrick Mendez
208,237837220.00,Clayton Berry
209,-271262550.00,Mrs. Deanna Maxwell
210,733416110.00,Matthew Bennett
211,97587160.00,Gregory Gonzalez
212,708387530.00,Jill Ferrell
213,-11493430.00,Stephen Kaiser
214,757389550.00,Crystal Foster
215,965128780.00,Samantha Thomas
216,682572130.00,David Johnson
217,233644350.00,Veronica Barnes
218,120593320.00,Dana Webster
219,93399220.00,Stephanie Glenn
220,987606320.00,Richard Smith
221,771419720.00,Jennifer Beard
222,-954145490.00,Lisa Kelly
223,818613630.00,Dr. Jessica Robinson MD
224,0.00,Jennifer Miller
225,422221260.00,William Yoder
226,424659400.00,
227,457515090.00,Evelyn Liu
228,648186880.00,Christopher Jones
229,933996570.00,Jackie Burton
230,223638510.00,Jeremy Chase
231,272709880.00,
232,279955230.00,Joseph Jefferson
233,560706590.00,Diana Kelly
234,620524940.00,Brian Bush
235,213918280.00,Christina Hartman
236,290788360.00,Julie Mendoza
237,460548580.00,Emily Castillo
238,932658860.00,Tamara Powell
239,919542030.00,Darlene Hartman
240,571006100.00,Julia Walton
241,320729880.00,James Young
242,683863120.00,Becky Kennedy
243,334027610.00,Jonathan Miller
244,28782520.00,Anne Taylor
245,371092180.00,Lori Fletcher
246,289181900.00,Mary Fitzgerald
247,408278460.00,Joseph Guzman
248,876183550.00,George Gibson
249,817703010.00,Monica Gross
250,759692150.00,Jane Saunders
251,937008170.00,Lisa Moody
252,512577010.00,Craig Gentry
253,210020980.00,Dr. Alexis Mercado MD
254,511224040.00,Monica Cruz
255,808543010.00,Michelle Hawkins
256,798715240.00,Jennifer Sanders
257,876609770.00,Dakota Riley
258,838727560.00,Cassie Mccarthy
259,963624720.00,Louis Howard
260,-750879620.00,Alicia Fuller
261,213867810.00,Ryan Ochoa
262,135006040.00,David Stuart MD
263,130827850.00,Susan Park
264,,Maureen Gay
265,-107621710.00,Kimberly Garza
266,535224310.00,Michael Long
267,836217130.00,Emily Peterson
268,52122210.00,Mark Richardson
269,376070260.00,Mary Rios
270,561232040.00,Dawn Hanson
271,204488580.00,Joseph Stewart
272,0.00,Jeffrey Beard
273,0.00,Wyatt Fleming
274,532183740.00,Tiffany Hoover
275,-624508940.00,Heather King
276,523035890.00,Andrea Berry
277,856243560.00,Jodi Padilla
278,-72029890.00,Danielle Payne
279,283327620.00,Mary Craig
280,,Robert Robinson
281,-465536540.00,Stacey Jensen
282,-812573370.00,Douglas Garza
283,665513430.00,Tiffany Garner
284,942980020.00,Erica Fernandez
285,832787420.00,Ronald Henderson
286,0.00,Omar Choi
287,910406410.00,Mrs. Jamie Melton
288,819567970.00,Ashley Robinson
289,0.00,Joshua Williams
290,27636140.00,John Johnson
291,502120900.00,Johnny Smith
292,397070450.00,Jesse Parsons
293,214751120.00,Grace Lopez
294,763647070.00,Lisa Wilson
295,346349270.00,Benjamin Poole
296,64011990.00,Ryan Garcia
297,771699710.00,Richard Robertson
298,690836920.00,Zachary White
299,,Kerri Gonzalez MD
300,686382350.00,
301,805702050.00,Emily Rogers
302,171406060.00,Billy Finley
303,680488550.00,Erica Stevenson
304,556103340.00,Robert Chapman
305,469966750.00,Paula Boyer
306,29253130.00,Susan Wilson
307,365055550.00,Timothy Smith
308,151403950.00,Garrett Jacobson
309,599665370.00,Robert Griffith
310,203037490.00,Miranda Mitchell
311,152979140.00,Shelby Sandoval
312,-865943730.00,Molly Lopez
313,211946080.00,Claudia Clark
314,606865950.00,Adrian Walker
315,927918310.00,Andre Knight
316,617298800.00,Robin Yates
317,-749584190.00,Harold Jones
318,88424410.00,Nancy Castro
319,173642560.00,Veronica Bowen
320,-845149340.00,
321,495466700.00,Brenda Lee
322,33835010.00,Peter Lawrence
323,232139020.00,Pamela Vasquez
324,952902020.00,Joshua Parker
325,886716610.00,Lawrence Knox
326,835021610.00,Edward Dickerson
327,857175020.00,
328,681840590.00,Sophia Fields MD
329,512489190.00,Brian Cohen
330,750165130.00,William Dickerson
331,374991170.00,Victoria Sutton
332,444540280.00,David Holloway
333,45854780.00,Gwendolyn Collins
334,700476020.00,Tracey Logan
335,996873820.00,Vincent Golden
336,608713430.00,April Nelson
337,814308080.00,Sarah Hale
338,99354650.00,Danielle Murphy
339,435976010.00,Mrs. Susan Martinez
340,235542980.00,Justin Arias
341,452386010.00,
342,-621135180.00,
343,632623770.00,Janet Wallace
344,973397360.00,Michael Johns
345,776253190.00,Jodi Massey
346,718884850.00,Sarah Johnson
347,995416690.00,Julie Reese
348,723818740.00,Monica Shepherd
349,-667734890.00,Andrew Meza
350,922433900.00,
351,273191020.00,Jeffrey White
352,-61256380.00,Lynn Snyder
353,391728550.00,
354,844348900.00,James Cunningham
355,579810200.00,Mary Gibson
356,990727220.00,Marc Powell
357,715362760.00,Tina Dixon
358,,Carolyn Burton
359,895215360.00,Beth Bradshaw
360,690287300.00,William Blevins
361,848970670.00,
362,430524440.00,Becky Miller
363,488246490.00,Bobby Roth
364,-673472790.00,Ellen Carlson
365,637318920.00,Monica Scott
366,476691420.00,Marc Hayden
367,917964050.00,Fernando Hodges
368,774275470.00,Debbie Riggs
369,15932570.00,Mary Martinez
370,492172530.00,Jay Smith
371,917636050.00,Victor Holland
372,455785470.00,Amanda Johnson
373,534272550.00,
374,640674900.00,Thomas White
375,-491231880.00,Guy Porter
376,638355960.00,Barbara Lawrence
377,915583240.00,Jackson Perkins
378,955723510.00,Kelli Singleton
379,407073680.00,Savannah Mckenzie
380,880621390.00,Eric Collins
381,456542520.00,Suzanne Saunders
382,511095320.00,Michael Mason
383,704709710.00,Patricia Alvarado
384,313415960.00,Jacqueline Johns
385,665703870.00,Michelle James
386,,Kimberly Johns
387,-387043130.00,Roberto Williams
388,-875977560.00,Danny Padilla
389,900091330.00,Michele Arnold
390,254545040.00,Mr. Kevin Patterson
391,618457460.00,David Monroe
392,274622870.00,Carrie Terry
393,333711740.00,Susan Mack
394,124006200.00,Brandi Rodriguez
395,0.00,Anthony Smith
396,264680630.00,Erica Martinez
397,342987660.00,Clifford Garcia
398,,Tiffany Elliott
399,412546300.00,Veronica James
400,0.00,Thomas Campbell
401,829963100.00,
402,,Aaron Taylor
403,353415520.00,Kimberly Walsh
404,91766810.00,Elizabeth Howard
405,133659390.00,
406,503508690.00,Christopher Harrison
407,576917480.00,Melanie Figueroa
408,777792940.00,
409,0.00,Joseph Park
410,416477130.00,Brenda Lewis
411,24954040.00,Mary White
412,546606380.00,Teresa Simpson
413,-66143900.00,Christian Luna
414,97949450.00,Mary Delacruz
415,182494220.00,Mr. Jonathan Castillo Jr.
416,619431700.00,Tammy Woods
417,547175570.00,Christina Nelson
418,336865050.00,
419,438371290.00,David Smith
420,901006620.00,Curtis Torres
421,,Oscar Herrera
422,3347480.00,Marcia Johnson
423,302177310.00,Susan Smith
424,217907720.00,Roger Barnes
425,863653950.00,Jill Nelson
426,609003040.00,Anthony Patel
427,902436020.00,Thomas Wilkins
428,143870800.00,Scott Le
429,301226160.00,Lauren Ramsey
430,403858270.00,Taylor Ford
431,,Richard Roberts
432,342457080.00,James Mccoy
433,884063390.00,Melissa Robertson
434,425352290.00,Wendy Kane
435,318722370.00,Breanna Ortega
436,415559810.00,John Cohen
437,884338860.00,Ricky Zhang
438,463979650.00,Ms. Rhonda Hatfield
439,241839450.00,Christopher Fletcher
440,81831550.00,
441,477096440.00,Gary Nguyen
442,292464500.00,Jaclyn Quinn
443,970588200.00,Ian Howell
444,239242950.00,Joshua Hansen
445,187088000.00,Daniel Mcdonald II
446,122875990.00,Steven Edwards
447,546708620.00,Kyle Mendez
448,329088370.00,Tim Huff
449,293092680.00,Jeffrey Dominguez
450,380225660.00,Jeffrey Lee
451,817047510.00,Gregory Murphy
452,689970270.00,Cassie Henderson
453,24975280.00,Stephen Harris
454,482071850.00,Heather Pratt
455,740007880.00,Eugene Clark
456,256881180.00,Julie Boyle
457,158676100.00,Brett Bean MD
458,223975560.00,Christina Savage
459,733986860.00,Paul Fisher
460,925237420.00,Ethan Malone
461,472292850.00,Stanley Haney
462,-446955870.00,Barbara Cook
463,0.00,Natalie Peterson
464,899592270.00,Derek Brown
465,806715890.00,Laura Moreno
466,223136530.00,Leah Galloway
467,858566980.00,Kelly Barnett
468,262860070.00,Melanie Wilkinson
469,-55346200.00,Steven Sherman
470,935004280.00,Stephanie Smith
471,-991084730.00,Veronica Freeman
472,395305240.00,Jose Roach
473,182287760.00,Danny Daniel
474,454130920.00,Janet Gilmore
475,377648540.00,
476,352982080.00,Michelle Peterson
477,869420520.00,Eric Bowman
478,919989320.00,Morgan Williams
479,0.00,Carla Moon
480,322847830.00,Teresa Chan
481,735563770.00,Juan Nelson
482,860065100.00,Benjamin Orozco
483,804410550.00,Morgan Barker
484,428554220.00,Kevin Fleming
485,-40088420.00,Lawrence Perry
486,770915820.00,Lauren Johnson
487,144839240.00,Andrew Rice
488,0.00,Jill Cooper
489,811864260.00,Mary Jones
490,558167210.00,Nicole Rivera
491,430324940.00,Charles Morales
492,398131090.00,Roger Pearson
493,31504630.00,Jacob Fowler
494,366590660.00,Andrea Baker
495,722429540.00,Dawn Lawrence
496,608692890.00,Jonathan Hendricks II
497,880781580.00,Mark Myers
498,135273310.00,Veronica Rosario
499,856542410.00,Donald Dalton
500,13684220.00,Pam King
501,585585530.00,Samuel Clarke
502,902604190.00,Lori Hill
503,503876230.00,Nicole Shaffer
504,65552840.00,Yolanda Jackson
505,-458797570.00,Tiffany Clark
506,567739180.00,Kevin Townsend
507,272827420.00,Susan Campbell
508,23962110.00,Robert Patterson
509,,David Phillips
510,857348540.00,Valerie Curtis
511,880006870.00,Daniel Barker
512,236448030.00,Debbie Hunt
513,357616620.00,Victoria Young
514,183943230.00,James Lopez
515,849852940.00,Kristina Ellis
516,630371530.00,Jonathan Parrish
517,36143400.00,Todd Garza
518,708898530.00,Christopher Fletcher
519,870576420.00,Logan Wu
520,592708390.00,Jeffery Smith
521,-517729240.00,Hunter Horn
522,462205500.00,Shirley Murray
523,756984920.00,Austin Martinez
524,292603730.00,Lisa Woods
525,169752190.00,Michael Patterson
526,447161750.00,Amanda Meadows MD
527,589681190.00,Victoria White
528,596994250.00,
529,961796520.00,Sarah Harrington
530,644316640.00,Brian Dennis
531,920419510.00,Russell Jones
532,284995250.00,Manuel Thomas
533,505895890.00,Kimberly Wilkins
534,683912670.00,Joseph Hart
535,-435872520.00,Michelle Neal
536,0.00,Tony Russell
537,74729480.00,Caleb Daniel
538,930353460.00,Carla Fernandez
539,848140330.00,
540,271063690.00,Tonya Hall
541,485672720.00,David Rice
542,,Kelsey Wagner
543,888337720.00,Mark Baker
544,137318850.00,Tamara Cox
545,17725870.00,Sabrina Roberts
546,602296730.00,Jon Oliver
547,428436210.00,Sylvia Ray
548,948685070.00,Michele Garcia
549,305194550.00,Stephanie Gardner
550,111022010.00,Lisa Johnson
551,595160340.00,Bridget Kelly
552,949307550.00,Nicholas Sanchez
553,689064480.00,Jacob Campbell
554,102016630.00,Thomas Smith
555,-275405090.00,Bradley Martinez
556,592969670.00,Megan Duke
557,655247730.00,Aaron Hurst
558,682364290.00,Jeremy Miller
559,543558860.00,Theresa Mata
560,426251510.00,Michael Brown
561,727432260.00,Melissa Shaw
562,-306228710.00,Sarah Cummings
563,236506920.00,Karen Day
564,479455230.00,Samuel Moore
565,757605420.00,Jessica Hayes
566,525583970.00,
567,688620460.00,Donald Moore DDS
568,0.00,Shelly Ramirez
569,664469110.00,Joshua Mathis
570,185318270.00,Cassandra Smith
571,958167210.00,Sandra Turner
572,130273250.00,Amanda Jones
573,548776790.00,Susan Mccarthy
574,356454660.00,Joseph Atkins
575,72471010.00,
576,489457560.00,Michael Gutierrez
577,825580930.00,Marc Boone
578,,Shawn Atkins
579,941604970.00,Daniel Sanders
580,138422180.00,Mario White
581,793396430.00,Stephanie Gonzalez
582,455403180.00,Paige Thomas
583,735420820.00,Alyssa Garcia
584,-973854820.00,James Allen
585,464409170.00,Kelly Anderson
586,308931690.00,April Smith
587,-829877040.00,Brian Jensen
588,262443520.00,Peter Young
589,860467220.00,William Collins
590,451702120.00,Wayne Haley
591,689904180.00,Amanda Hamilton
592,251800490.00,Justin Roberts
593,626423480.00,Kellie Chen
594,266121960.00,
595,-210265000.00,
596,292241960.00,Mark Ochoa
597,826809860.00,Michael Brown
598,634103680.00,Sandra Patrick
599,855362870.00,Elizabeth Marquez
600,736884760.00,James Clark
601,49722230.00,Francisco Myers
602,698228520.00,Michelle Cortez
603,,Mark Davis
604,42448570.00,Kurt Fitzpatrick
605,276135350.00,Laura Smith
606,495961070.00,Elizabeth Campbell
607,4280020.00,Jessica Boyle
608,970589990.00,Joshua Galvan
609,,Robin Miller
610,262769280.00,Dylan Garcia
611,234365320.00,Angela Meyers
612,260875770.00,William Perry
613,0.00,Jasmine Huang
614,256555160.00,Trevor Williams
615,833948910.00,Allison Garcia
616,573019910.00,Raymond Hernandez
617,908854950.00,Timothy Marquez
618,549817230.00,Melissa Foster
619,24765030.00,Autumn Moore
620,1582440.00,
621,500868710.00,Lisa West
622,95691170.00,James Peters
623,448052250.00,Maureen Barrett
624,944734260.00,John Jackson
625,154182440.00,
626,680871420.00,Teresa Powell
627,553507920.00,Alyssa Blackwell
628,906298890.00,Tyler Ray
629,675970500.00,David Sexton
630,199881310.00,Michael Walker
631,104611950.00,Rodney Jones
632,455560200.00,Dr. Carolyn Harris
633,45941880.00,Jennifer Lara
634,323572830.00,Ryan Ramirez
635,921385150.00,Shannon Hancock
636,499050810.00,Desiree Green
637,370297450.00,Jackie Ferrell
638,731127080.00,Karen Blanchard
639,39324860.00,
640,637297630.00,Pamela Sanders
641,462317910.00,Sherri Carter
642,860574490.00,Emily Gordon
643,106881600.00,Felicia Smith
644,-68039110.00,John Reilly
645,948356210.00,Dana Gordon
646,189195850.00,John Mathis
647,231751130.00,Ann Smith
648,668946470.00,Jamie Robinson
649,242194570.00,
650,345170530.00,Brianna Carr
651,423075120.00,Jill Reynolds
652,0.00,Alexander Castro
653,611713870.00,James Morris
654,269166340.00,Alicia Parsons
655,199667180.00,Zachary Mccarthy
656,163337850.00,Jordan Lambert
657,625092330.00,Barbara Myers
658,894459910.00,Julie Espinoza
659,,Bryce Reynolds
660,573317440.00,Michael Willis
661,608009930.00,Angela Sanchez
662,990902940.00,Bryan Hudson
663,463305810.00,Tristan Foster
664,,Christopher Kelley
665,463174590.00,Becky Garcia
666,203052940.00,Carlos Taylor
667,796745570.00,Brian Bishop
668,870028550.00,Eric Gray
669,293419570.00,Matthew Gillespie
670,269985790.00,Alice Santos
671,373343080.00,Rhonda Wyatt
672,517857300.00,Steve Braun
673,163560670.00,
674,167537170.00,Lori Jacobs
675,145425120.00,
676,,Christopher Ruiz
677,692720420.00,Scott Jenkins
678,511501850.00,Donald White
679,658681260.00,Dylan Bentley
680,453745870.00,Danielle Duarte
681,642607200.00,Cheryl Sims
682,488488230.00,Anna Mills
683,-112480510.00,Latoya Houston
684,298092550.00,Todd Harrison
685,669374630.00,Charles Miller
686,,Sherry Baker
687,0.00,Jocelyn Williams
688,550528970.00,Christina Walker
689,95489180.00,Amanda Baird
690,724044310.00,David Barton
691,489445070.00,Jonathan King
692,50556730.00,Sarah Black
693,935731010.00,Scott Shaw
694,894815420.00,Robert Swanson
695,68240510.00,Maria Krueger
696,706916590.00,Renee Taylor
697,223701780.00,Andrew Kim MD
698,716631560.00,Daniel Jones
699,82986920.00,Joann Flores
700,124743400.00,Taylor Yates
701,112563210.00,Michael Gomez
702,889579660.00,Leslie Nguyen
703,118922900.00,Susan Castillo
704,878742590.00,Deborah Riley
705,648632150.00,Andrew Shelton
706,514355090.00,Richard Simpson
707,246800020.00,Joseph Anderson
708,-397219500.00,Elizabeth Stanton
709,225511150.00,Jennifer Thomas
710,970504010.00,Gregory Walker
711,411279650.00,John Bryant
712,577115170.00,Kathleen Washington
713,56089320.00,John Marquez
714,409126550.00,Matthew Boyd
715,305226260.00,Nicholas Mclaughlin
716,,Anthony Dean
717,176913970.00,Linda Townsend
718,808658700.00,Ruth Gilbert
719,199620860.00,Theresa Norton
720,309517410.00,
721,-77397110.00,Brian Herman
722,179794470.00,Lisa Johnson
723,22446010.00,Kathleen Gordon
724,654587650.00,Brandon Keller
725,468698680.00,Jennifer Carr
726,625605930.00,Heather Robertson
727,516874600.00,Anna Bell
728,227493450.00,Katherine Guerra
729,438396600.00,Deanna Clayton
730,,Peter Smith
731,166893300.00,Beth Thompson
732,162589000.00,Becky Wagner
733,699428280.00,Andrea Jackson
734,431340430.00,Mary Conner
735,387222180.00,Lynn Bell
736,-444274340.00,Jacqueline Anderson
737,225074080.00,Justin Phillips
738,376598610.00,Alex Davis
739,469416810.00,Kathryn Brown
740,548181380.00,Jeffrey Buck
741,25856160.00,Amanda Diaz
742,318107770.00,Sheri Jones
743,168683280.00,Jennifer Dixon
744,80229570.00,
745,280351000.00,Samantha Glenn
746,410865770.00,Martin Moore
747,182207450.00,Norman Mcconnell
748,231026420.00,Carlos Waters
749,740478710.00,Nancy Morales
750,424316490.00,David Thompson
751,877441530.00,Donald Acevedo
752,388308160.00,Justin Schmidt
753,613772420.00,Jeremy Smith
754,471464640.00,
755,-323259690.00,Kelsey Reed
756,644828270.00,Mary Nichols
757,-216929190.00,Andrew Acosta
758,787889380.00,Corey Jones
759,815697190.00,Marissa Carpenter
760,193846290.00,Joshua Hooper
761,949145870.00,Marvin Park
762,12852240.00,Kimberly Price
763,628351660.00,Holly Mitchell
764,4932520.00,Cindy Davis
765,549920580.00,Joshua Martinez
766,443681070.00,Brandon Berry
767,279028330.00,James Anderson
768,870707210.00,Michelle Sanders
769,0.00,Micheal Crawford
770,531292050.00,Charles Olson
771,832468980.00,Donald Myers
772,727869770.00,Nicholas Smith
773,15701690.00,Tonya Schmitt
774,840250760.00,Denise Wolfe
775,901179340.00,Brianna Mitchell
776,889342270.00,Michael Merritt
777,612048810.00,Justin Armstrong
778,285866910.00,Caitlin Andrade
779,208633060.00,Tina Meyer
780,599191700.00,Jessica Payne
781,680003030.00,Adam Gomez
782,997244900.00,Vincent Allen
783,602054000.00,Vincent Taylor
784,554679060.00,Alexandra David
785,682588180.00,Katrina Henry
786,281668100.00,Stephen Davis
787,392994170.00,Hector Horn
788,868491320.00,
789,5964630.00,Brittany Glover
790,657791300.00,William Scott
791,0.00,Amanda Adams
792,636337480.00,Benjamin Key
793,717827620.00,Jacqueline Meyer
794,745503510.00,Christopher Spencer
795,279903350.00,Lisa Nunez
796,8970150.00,Nicole Holloway
797,395014880.00,Christian Page
798,899558240.00,Katie Romero
799,660162180.00,
800,931045740.00,Joseph Gregory
801,282493570.00,Lonnie Sanford
802,644691470.00,Nancy Figueroa
803,510874800.00,Jose Craig
804,87212180.00,Cheryl Williams
805,519499740.00,Eric Mejia
806,387491000.00,Jason Williams
807,716830710.00,Wanda Smith
808,211062340.00,Jodi Johnson
809,920105970.00,Robert Parker
810,775091260.00,Miranda Bryan
811,352053770.00,Elizabeth Rollins
812,568685140.00,Ross Terry
813,49516540.00,Richard Baker
814,399260570.00,Brett Harris
815,37136810.00,
816,308881440.00,Rachel Obrien
817,,Jason Johnson
818,295416700.00,Pamela Warner
819,484187330.00,Isaac Guzman
820,-361244410.00,George West
821,258741750.00,
822,0.00,Latoya Weaver
823,788071030.00,Kathleen Walsh
824,0.00,Erin Mcdonald
825,609101780.00,Kristen Miller
826,,Brent Reese
827,-725114950.00,Jessica Green
828,193030520.00,Anthony Marquez MD
829,996248840.00,Elizabeth Powers
830,106616240.00,Tammy Johnson
831,460694190.00,Cynthia Carpenter
832,943073080.00,Andrew Brown
833,137906950.00,
834,282830490.00,
835,619165590.00,Elizabeth Jones
836,434319230.00,Marissa Archer
837,308903960.00,Dwayne Kent
838,769299550.00,Kathryn Vega
839,293336030.00,Mathew Mckenzie
840,508802920.00,Tracy Walker
841,373510100.00,
842,449505100.00,Danielle Terry
843,188584150.00,Margaret Fischer
844,9855470.00,Donald Rice
845,561286570.00,Mark Patterson
846,190502760.00,Cory Grant
847,786959750.00,Ashley Scott
848,-867314650.00,
849,0.00,Kelly Morgan
850,269446950.00,Mr. James Alexander
851,830681730.00,Kevin Cummings
852,,Seth Morgan
853,122543620.00,Robin Mendez
854,252297390.00,John Walls
855,964569320.00,Emily Castillo
856,55416080.00,Amy Gregory
857,211063650.00,Joy Ellis
858,-798540540.00,Chase Hall
859,538419260.00,Julie Grant
860,344683350.00,Justin Schmidt
861,924997340.00,Jose Diaz
862,,James Dickson
863,-898182630.00,Antonio Doyle
864,228128520.00,
865,805533200.00,Eric Small
866,803065960.00,Eduardo Schwartz
867,746948530.00,Eddie Andrews PhD
868,945970.00,Kimberly Price
869,548618910.00,Valerie Hernandez
870,232040330.00,Casey Bennett
871,268806880.00,Ryan Austin
872,627080970.00,Stephen Sherman
873,391971580.00,Shelby Harris
874,988307420.00,Brandon Torres
875,856056640.00,Christine Miranda
876,517292800.00,James Hinton
877,460112240.00,Suzanne Caldwell
878,627251050.00,Mary Gonzalez
879,69835530.00,Willie Reed
880,905269220.00,Kayla Thomas
881,613038380.00,Luis Jennings
882,209469040.00,Michael Cook
883,533430990.00,Scott Acosta
884,385599000.00,Charles Williams
885,-821432800.00,Anthony Hernandez MD
886,200507790.00,Jason Phillips
887,220099740.00,Alan Cunningham
888,-165195370.00,Heather Hernandez
889,108717630.00,Darrell Cooke
890,776455560.00,Laura Gibbs
891,-39184450.00,Anthony Palmer
892,-39877710.00,Timothy Esparza
893,364783930.00,Jeremiah Chen
894,943046930.00,Susan Hoffman
895,349941830.00,Dustin Richardson
896,290880150.00,Anthony Kerr
897,0.00,Billy Bruce
898,291117660.00,George Fuller
899,395022540.00,Sheila Wong
900,513286840.00,Pamela Arnold
901,356719310.00,Nicholas Barber
902,636322790.00,Nathan Wood
903,774045700.00,Austin Castillo
904,609669470.00,Megan Perez
905,812825480.00,David White
906,466051030.00,Matthew White
907,627990200.00,Joshua Palmer
908,0.00,Jesus Price
909,436950050.00,Vanessa Mcmillan
910,441533910.00,Shawn Morse
911,109381180.00,Michael White
912,573341860.00,Joseph Walters
913,59503050.00,Gregory Davis
914,0.00,David Jenkins
915,802190520.00,Steve Griffin
916,675983120.00,Anthony Wolf
917,642443940.00,Emily Williams
918,530871150.00,Ronnie Dunn
919,465898570.00,Vanessa Nicholson
920,350331820.00,Jimmy Stevens
921,987169380.00,Reginald Newton
922,673250550.00,Leon Sutton Jr.
923,275089860.00,Fernando Garza
924,967152670.00,Glenda Phillips
925,138703550.00,Vanessa Thomas
926,912533640.00,Michael Wallace
927,882773030.00,Tiffany Banks
928,525009710.00,Jasmine Henry
929,458033030.00,Joshua Jackson
930,755244620.00,Lori Hanna
931,0.00,Cindy Valentine MD
932,854610940.00,Nathaniel Weiss
933,455853900.00,Stephen Peters
934,783941850.00,Melvin James
935,337421090.00,Angela Hanson
936,961506840.00,Raymond Collins
937,948083620.00,Gregory Huff
938,172710580.00,Virginia Curtis
939,360336210.00,Aaron Spencer
940,195789880.00,Chris Bush
941,0.00,Mary Bennett
942,9590940.00,Keith Griffith
943,727211570.00,Tracy Thompson
944,459386660.00,Mary Taylor
945,0.00,Edward Burgess
946,499405940.00,Michelle Davis
947,562057250.00,Cindy Anderson
948,884798880.00,Heather Fitzpatrick
949,199886930.00,Maria Smith
950,-196928280.00,Larry Mcintyre
951,407836110.00,Abigail Little
952,862478430.00,Kelly Myers
953,299866390.00,Latoya Ramos
954,525550860.00,John Gomez
955,508042170.00,Jacob Wilkins
956,901383310.00,Eddie Cummings
957,161794730.00,Natalie Wagner
958,76797240.00,Catherine Boyle
959,922997750.00,Marcus Parker
960,638555460.00,Jeremy Washington
961,707253110.00,Samantha Baldwin
962,970740100.00,Joseph Hartman
963,925761510.00,Isabel Smith
964,0.00,Gerald Riley
965,830908070.00,Mr. Eric Robinson
966,212104830.00,Robert Smith MD
967,16850400.00,Amanda Carrillo
968,202506200.00,Adam Smith
969,,George Sanders
970,76432260.00,Dr. Alex Wilson II
971,,Colin Phillips
972,919076480.00,Christopher Weber
973,753100300.00,Sharon Castro
974,695110070.00,John Young
975,103588350.00,Kathy Haney
976,285324710.00,Isabella Bradshaw
977,179184520.00,Terry Frost
978,382658200.00,Walter Salazar
979,-593731940.00,Benjamin Gonzalez
980,515802960.00,Rhonda Curtis
981,992969460.00,Wendy Aguirre
982,298805180.00,Christopher Dougherty
983,927268570.00,Christopher Taylor
984,-449439430.00,Keith Norman
985,970401420.00,Donna Irwin
986,608755200.00,Tiffany Rodriguez
987,-447582440.00,Heather Jensen
988,996935730.00,Sarah Huff
989,0.00,Dr. Maureen Hodges
990,599202370.00,Megan Guzman
991,70255030.00,
992,254227820.00,Bethany Snyder
993,681923590.00,Veronica Simmons
994,629236530.00,Claudia Watson
995,305602970.00,Janet Schmidt
996,808290660.00,Franklin Wagner
997,,Laurie Rodriguez
998,-213307680.00,Anthony Hunter
999,359355180.00,Nicholas Wise
1000,233167640.00,Jeffrey Larson
1001,227018600.00,Sarah Snow
1002,743036300.00,Kelli Taylor
1003,674634860.00,Bobby Cooper
1004,483250760.00,Alexander Stone PhD
1005,347763410.00,David Ramos
1006,-926981410.00,Deborah Hernandez
1007,464533860.00,Chelsea Graham
1008,176589070.00,Jeremy Miranda
1009,0.00,Kari Taylor
1010,372838620.00,Jonathan Wiggins
1011,665915210.00,Cindy Evans
1012,-40538350.00,Jermaine Juarez
1013,-391364560.00,Kim Reed
1014,309261240.00,Christine Mason
1015,518683110.00,
1016,196554380.00,Jennifer Flores
1017,747557810.00,Deanna Gibson
1018,255235090.00,Maria Thomas
1019,867130960.00,Taylor Guzman
1020,275282210.00,Courtney Johnson
1021,193040180.00,Jonathan Jones MD
1022,674968230.00,Nicholas Campbell
1023,8192620.00,Alexis Hill
1024,877248430.00,John Brown
1025,273407180.00,Jennifer Carter
1026,528018530.00,Beth Smith
1027,743305290.00,Daniel Estrada
1028,-942977610.00,Steven Roberts
1029,246365130.00,Kenneth Smith
1030,696399000.00,Joseph Day
1031,796219200.00,Stacey Fields
1032,657713790.00,Samantha Lawrence
1033,810464010.00,Jessica Heath
1034,798583460.00,Thomas Turner
1035,997112850.00,Daniel Johnson
1036,609886970.00,
1037,678645230.00,Michael Valdez
1038,713048230.00,Thomas Booth
1039,548807670.00,
1040,896733940.00,Karen Mann
1041,988434430.00,Jared Jones
1042,-109611040.00,Alexis Hardy
1043,522487890.00,Paula Lucero
1044,708213830.00,Michael Brewer
1045,0.00,Stephen Parker
1046,466135890.00,Austin Stephens
1047,895977140.00,Richard Brooks
1048,182192520.00,Scott Coleman
1049,,John Allison
1050,323812710.00,Dr. Randall Garcia
1051,783296770.00,Stephen Holder
1052,88944980.00,Kayla Smith
1053,582018330.00,Mrs. Beth Mills
1054,865926690.00,Crystal Stevenson
1055,817761870.00,Sean Orr
1056,38452110.00,David Nixon
1057,468108460.00,William Zimmerman
1058,603751330.00,Laura Chapman
1059,490545380.00,Anthony Herring
1060,581591240.00,Joshua Mitchell
1061,553237470.00,Samantha Kennedy
1062,415096900.00,Paul Weeks
1063,185023980.00,Cynthia Smith
1064,406671450.00,Frederick Hendrix
1065,896957820.00,Gary Howell
1066,856212800.00,
1067,-919217120.00,Amanda Weaver
1068,415950390.00,Justin Choi
1069,366599960.00,Keith Fernandez
1070,60014180.00,Chad Hall
1071,704035860.00,Christopher Johnson
1072,669597930.00,Kevin Fisher
1073,504339500.00,Brandon Bailey
1074,-35044890.00,
1075,0.00,Megan Martin
1076,443206970.00,Amanda Greene
1077,-774132370.00,Kathleen Henderson
1078,359648300.00,Roger Zimmerman
1079,323082730.00,Stephen Murphy
1080,31743980.00,Bianca Robinson
1081,64104280.00,Samantha Adams
1082,353150600.00,Levi Brooks
1083,613068750.00,Jennifer Johnson
1084,531577890.00,Derek Short
1085,939517820.00,Anne Williams
1086,-503991220.00,Kim Lloyd
1087,898550730.00,Dylan Baker
1088,553920250.00,Russell Tran
1089,735615150.00,Kenneth Bowman
1090,796452090.00,
1091,614953710.00,Amy Dodson
1092,879974200.00,Daniel Schaefer
1093,-205060930.00,Kelly Pitts
1094,984427840.00,Kathy Livingston
1095,884354160.00,Rachel Jones
1096,849636310.00,Austin Alvarez
1097,372134160.00,John Cook
1098,193368150.00,Melanie Martin
1099,521712000.00,Tracy Jones
1100,759280870.00,Daniel Miller
1101,-461691540.00,Christopher Larson
1102,309480430.00,Melissa Larson
1103,0.00,
1104,230848990.00,Joshua Jennings
1105,328375920.00,
1106,0.00,David Christensen
1107,462981460.00,David Lopez
1108,44810380.00,Jennifer Clark
1109,204372070.00,Monique Perez
1110,456693500.00,Martin Patel
1111,132992170.00,Jennifer Hughes
1112,6654500.00,John Conrad
1113,990534200.00,Dakota Bryant
1114,548845850.00,Nathaniel Ellison
1115,668671840.00,Jonathan Lindsey
1116,777618010.00,Laura Kaiser
1117,292626560.00,Alicia Wood
1118,-146424960.00,Kari Robertson
1119,38521450.00,Dr. Charles Clay
1120,0.00,Brandon Lewis
1121,0.00,Kelsey Conley
1122,307342180.00,Donald Parker
1123,386035140.00,Elizabeth Edwards
1124,973726390.00,Nicholas Solis
1125,842266530.00,Brittney Harris
1126,-558608580.00,Joshua Bray
1127,472685160.00,Angela Garrett
1128,243465070.00,Cory Cox
1129,724056410.00,Thomas Fischer
1130,974829950.00,Jessica Reed
1131,945716070.00,Patricia Robbins
1132,722039790.00,Craig Hall
1133,-119549310.00,Crystal Ryan
1134,980014390.00,Christian Smith
1135,515619710.00,Elizabeth Edwards
1136,81251280.00,Kathy Keller
1137,240873190.00,Christopher Peck
1138,21879850.00,Lance Henderson
1139,503463560.00,Robert Marquez
1140,434594000.00,Ryan Ochoa
1141,787873810.00,
1142,544304430.00,Peter Johnson
1143,635201700.00,Cathy Johnson
1144,805395000.00,Lisa Rodriguez
1145,-617786160.00,Michael Baldwin
1146,599250010.00,Meghan Sanchez
1147,981384750.00,John Gutierrez
1148,0.00,Meredith Lopez
1149,-8374730.00,Joshua Smith
1150,799697500.00,
1151,228839290.00,Sandra Kim
1152,922574440.00,Brooke Sloan
1153,37546940.00,Elizabeth Williams
1154,548188540.00,Vincent Dickerson
1155,702764990.00,Robert James
1156,280951020.00,Rachel Fischer
1157,973708840.00,Terry Gallagher
1158,674370110.00,Kristen Chase
1159,-410793640.00,Christopher Griffin
1160,314989200.00,Charles Castaneda
1161,,Sara Norman
1162,886466760.00,Beth Quinn
1163,172047270.00,Madeline Love
1164,846680520.00,William Garcia
1165,942800130.00,Karen Hill
1166,702056790.00,Anthony Avery
1167,444297900.00,Rachel Brooks
1168,52450410.00,Michelle Brown
1169,45099610.00,Scott Reed
1170,604562680.00,Sue Schmidt
1171,594669780.00,
1172,344235930.00,Robert Pruitt
1173,608391380.00,Teresa Howard
1174,385207270.00,Regina Kennedy
1175,-629683840.00,Teresa Thompson
1176,752106880.00,Matthew Roberts
1177,975394700.00,
1178,705791800.00,Nicole Nelson
1179,457176980.00,Christine Silva
1180,478091940.00,Alyssa Burnett
1181,156846120.00,Joshua Ortiz
1182,799538480.00,Sonya Wilson
1183,256615490.00,Robert Elliott
1184,387944020.00,Mary Ball
1185,-441785260.00,
1186,754186680.00,Kayla Rogers
1187,739840120.00,Billy Nguyen
1188,677337510.00,Sandy Carlson
1189,488379080.00,Vanessa Anthony
1190,124010060.00,Kimberly Ryan
1191,0.00,Jeffrey Gross
1192,680566950.00,Theresa Hardy
1193,991757540.00,Thomas Horne
1194,150608930.00,Ashley Patterson
1195,275015510.00,Caroline Sparks
1196,881678160.00,Latoya Sosa
1197,662782480.00,
1198,659249760.00,Carla Sanders
1199,149690670.00,Mrs. Brittany Paul MD
1200,908963670.00,Karla Snow
1201,188692540.00,Jennifer Medina
1202,228901940.00,Kelsey Hines
1203,204296480.00,Jacob Banks
1204,228643760.00,Steven Hammond MD
1205,266728630.00,James George
1206,0.00,Joseph Allen
1207,957850880.00,Elizabeth Bailey
1208,692614960.00,Dr. Scott Salazar
1209,-386146820.00,Mr. Michael Martin
1210,135566190.00,Tara Johnson
1211,0.00,Russell Chung
1212,8292190.00,Daniel Baldwin
1213,140767500.00,Alexis Arroyo
1214,902503400.00,Margaret Davis
1215,184941380.00,Pamela Williams
1216,720358400.00,Charles Suarez
1217,788030850.00,Brian Moreno
1218,816452910.00,Steven Goodman
1219,431423070.00,Amy Cole
1220,585669720.00,Adam Berger
1221,87280280.00,Ryan Sullivan
1222,147904990.00,Lindsay Meyer
1223,368522700.00,Kyle Brandt
1224,0.00,Steven Sosa
1225,42791780.00,Heather Molina
1226,340902260.00,Nicole Payne
1227,360925070.00,Laura Patel
1228,468930890.00,Dean Arias
1229,,Luke Rogers
1230,,Ann Horton
1231,413256900.00,Vanessa Jones
1232,605398110.00,Cesar Bryan
1233,426847150.00,Savannah Cole
1234,330295050.00,Travis Cabrera
1235,866496770.00,Adriana Short
1236,366175040.00,Matthew Chang
1237,767475430.00,Brian Leonard
1238,210706110.00,Nathan Taylor
1239,355219550.00,Samantha Macias
1240,87403510.00,Donald Peterson
1241,657301090.00,Melissa Franklin
1242,780506170.00,Jamie Haynes MD
1243,638523950.00,Jonathon Porter
1244,265360280.00,Erin Green
1245,376422820.00,Abigail Hansen
1246,443400910.00,Ronald Mcdowell
1247,-418185030.00,Wesley Simmons
1248,223901740.00,Jason Carpenter
1249,342258370.00,Barry Rosales
1250,534065740.00,Brittany Larson
1251,337542360.00,Brandon Webb
1252,950173470.00,Crystal Hall
1253,818778790.00,Andrew Brown
1254,954742620.00,Jon Gibbs
1255,225446500.00,Amy Lester
1256,465583400.00,James Martinez
1257,293050740.00,Justin Brooks
1258,736922440.00,Janet Floyd
1259,0.00,Mark Lee
1260,229922180.00,Melinda Maddox
1261,890554810.00,Robert Robinson
1262,,Joseph Gillespie
1263,551644780.00,Karen Taylor
1264,,Tina Chan
1265,253617890.00,Todd Moran
1266,0.00,Michael Sutton
1267,789976440.00,Leslie Munoz
1268,67102010.00,Brooke Gates
1269,,Nicole Jones
1270,886452270.00,Christina Morton
1271,878598910.00,Alyssa Meyer
1272,265754390.00,Philip Cordova PhD
1273,974929640.00,Lee Montgomery
1274,0.00,Joseph Casey
1275,281053100.00,Sarah Flores
1276,327060250.00,Frederick Reeves
1277,290486290.00,Austin Watson
1278,430563550.00,Kristen Rosales
1279,272895420.00,Stefanie Johnston
1280,,Arthur Cross
1281,924059610.00,
1282,217044490.00,Jonathan Morrow
1283,170440200.00,Nathan Morales
1284,977304470.00,Karen Stewart MD
1285,534638990.00,Monica Simpson
1286,187917250.00,Charles Lawson
1287,0.00,Jonathan Yates
1288,21355980.00,Tina Pierce
1289,413522430.00,Pam Colon
1290,0.00,Mrs. Patricia Lopez
1291,626052230.00,Kimberly Mcknight
1292,944098510.00,Lisa Moreno
1293,208681840.00,Maurice Bentley
1294,91511720.00,Ronald Diaz
1295,0.00,Nicole Williamson
1296,438853640.00,Joseph Fuller
1297,360943290.00,Jennifer Anderson
1298,586912740.00,Melissa Jordan
1299,0.00,Mr. Michael Jones
1300,806506410.00,Elizabeth Proctor
1301,331502740.00,Garrett Aguirre
1302,526784870.00,Terry Moore
1303,123478100.00,Whitney Alvarez
1304,534240260.00,Jason Santos
1305,284876310.00,Danielle Brady
1306,346133840.00,
1307,625173200.00,Steven Howell
1308,966484550.00,Elizabeth Hernandez
1309,864143180.00,Felicia Long
1310,169958000.00,Douglas Anderson
1311,115201990.00,Olivia Rivera
1312,438482380.00,Paula Thomas
1313,909064010.00,Heather Perez
1314,151181580.00,Danielle Wilson
1315,67048790.00,Joshua Watson
1316,387702570.00,Bradley Powell
1317,602262270.00,Cody Rodriguez
1318,-560091080.00,Clarence Vaughan
1319,526157960.00,Richard Jordan
1320,712806270.00,Patrick Boyd
1321,726837850.00,Austin Long
1322,-389075330.00,Victoria Turner
1323,-486093180.00,Patrick Davis
1324,324996790.00,Christopher Mendoza
1325,948392310.00,Shannon Knight DDS
1326,614338840.00,Paul Burgess
1327,,Jacob Johnson
1328,661519910.00,Chelsey Bell
1329,506821240.00,John Nolan
1330,,Alicia Wilcox
1331,926247860.00,Ryan Harmon
1332,417359240.00,Taylor Sanchez
1333,701189200.00,Jared Liu
1334,327002690.00,John Douglas
1335,327212990.00,Mallory Brock
1336,237487820.00,Christine Powell MD
1337,678089360.00,Emma Holmes
1338,152924100.00,Jacqueline Jenkins
1339,236907720.00,Larry Bennett
1340,494725930.00,Christopher Wise
1341,685420870.00,Anthony Ramos
1342,662885930.00,Melvin Reyes
1343,562428910.00,Joseph Ramirez
1344,195561040.00,Gina Thompson
1345,0.00,Jennifer Massey
1346,975328910.00,Carlos Palmer
1347,289572070.00,Megan Ruiz
1348,-786419190.00,Edwin Floyd
1349,905972540.00,Peter Quinn
1350,437318040.00,Jennifer Jimenez
1351,19183050.00,Lisa Diaz
1352,854793820.00,Heather Murray
1353,-239611330.00,Jacob Chen
1354,-113380510.00,Antonio Rodriguez PhD
1355,867588400.00,Angel Johnson
1356,500119010.00,Jessica Brown
1357,711273710.00,Jessica Mckay
1358,310801690.00,Christopher Gardner
1359,926041660.00,Veronica Burch
1360,553338430.00,Christina Baker
1361,-549450420.00,David Crawford
1362,673549840.00,Scott Stewart
1363,-34641630.00,Angel Hutchinson
1364,41442200.00,
1365,895700150.00,Sarah Dennis
1366,387019410.00,Victoria Gallagher
1367,920585880.00,Pamela Watson
1368,763431590.00,Raymond Sutton
1369,391074540.00,Donald Sandoval
1370,453855850.00,Chelsea Diaz
1371,0.00,Tony Freeman
1372,-641035560.00,Sarah Garza
1373,635382500.00,Dylan White
1374,982404960.00,Thomas Martin
1375,0.00,Michael Woods
1376,340169240.00,Deborah Steele
1377,621303360.00,Michael Watson
1378,-341267420.00,
1379,564706970.00,Eric Williams
1380,-880884060.00,Michael Erickson
1381,-360360650.00,Joel Perry
1382,887366780.00,Shannon Patton
1383,25557770.00,Dr. Amy Marks
1384,-48785610.00,Barbara Thomas
1385,174318970.00,
1386,282993280.00,Linda Sherman
1387,813120920.00,Natasha Estrada
1388,487097920.00,Andrew Johnson
1389,442608040.00,Ashley Pierce
1390,492731530.00,Jeremy Lopez
1391,922007130.00,Michael Farrell
1392,718711320.00,Megan Reed
1393,456019230.00,John Taylor
1394,895535840.00,Douglas Anderson
1395,0.00,Roy Stevens
1396,-282798020.00,Whitney Young
1397,936774260.00,
1398,944797400.00,Linda Bailey
1399,396760770.00,Danielle Arnold
1400,566609520.00,Michelle Moon
1401,202715030.00,
1402,948794400.00,Richard Hood
1403,513210510.00,Erica Wright DVM
1404,338441440.00,Brittany Harper
1405,867557500.00,Cory Anderson
1406,375132740.00,Robert Mosley
1407,455020220.00,Sally Brown
1408,693743140.00,Sandra Price
1409,535941630.00,Joanne Blackwell
1410,305131040.00,Jacob Fisher
1411,378673180.00,Elizabeth Farley
1412,153437100.00,Christine King
1413,893945730.00,Melissa Holmes
1414,785871000.00,Emily Miller
1415,659932700.00,Taylor Snyder
1416,196704000.00,
1417,273978720.00,Harold Cole
1418,-295012980.00,Mrs. Kerry Norman
1419,725818610.00,Anna Black
1420,-338233280.00,Zachary Martin
1421,783416060.00,John Bennett
1422,629302020.00,Amanda Harris
1423,520836700.00,Stefanie Cross
1424,828853270.00,Rebecca Schultz
1425,561932370.00,William Sawyer
1426,110766630.00,Tammy Mason
1427,988592940.00,
1428,895794170.00,Daniel Craig
1429,804140260.00,Stephanie Jones
1430,840078860.00,Destiny Freeman
1431,590929610.00,Shirley Lopez
1432,793342640.00,Jerry Andrews
1433,-765226660.00,Andres Garcia MD
1434,801090010.00,Andrea Martinez
1435,86593750.00,Tony Cline
1436,144382290.00,
1437,470230330.00,Jimmy Boyer
1438,210981810.00,Carrie Davidson
1439,499453980.00,Margaret Hurst
1440,0.00,James Williams
1441,497603170.00,Wesley Shannon
1442,782593770.00,Tyler Reese
1443,828360830.00,Deborah Pitts
1444,826539460.00,Sylvia Cooper
1445,620494430.00,Donald Perez
1446,0.00,Michelle Blair
1447,469457690.00,John Navarro
1448,648705940.00,Russell Turner
1449,832324610.00,Jessica Taylor
1450,85373350.00,Mitchell Christensen
1451,619238940.00,Cynthia Avery
1452,789117770.00,Omar Bowers
1453,629105830.00,Kelly Hess
1454,900822950.00,Derrick Thompson
1455,213540440.00,Jessica Avila
1456,659006690.00,Jeremiah Le
1457,497796960.00,Christopher Wilson
1458,575753590.00,Joel Weber
1459,253531710.00,George Gay
1460,488588670.00,
1461,882805390.00,Jordan Oliver
1462,217245730.00,Gregory Johnson
1463,43760150.00,Mr. Michael Singleton
1464,734321050.00,Cheryl Collins
1465,561128880.00,Jamie Wolfe
1466,285655590.00,Calvin Mathews
1467,411009990.00,Roy Horn
1468,510540770.00,Roger Gonzalez
1469,120505950.00,Lawrence Jennings
1470,736208650.00,Amber Soto
1471,56668510.00,Robert Clark
1472,-533040380.00,Eileen Randolph
1473,765126920.00,Jessica Newman MD
1474,476958680.00,Whitney Steele
1475,515233450.00,Shawn Smith
1476,188989970.00,Jeffrey Davidson
1477,710276650.00,Amanda Nelson
1478,592333410.00,Shannon Johnson
1479,844121550.00,Angela Torres
1480,-74553540.00,Natalie Anderson
1481,740540450.00,Brandon Johnson MD
1482,-519031370.00,Samantha Ortega DDS
1483,896553910.00,Sarah Clark
1484,412181500.00,Brandon King
1485,624782650.00,Jeremy Parker
1486,657037550.00,Susan Holt
1487,17781030.00,Tina Brooks
1488,0.00,Cathy Hull
1489,-103264970.00,Tracey Wilson
1490,835883820.00,Lonnie Wright
1491,264683910.00,Stephanie Hampton
1492,792033400.00,Michele Caldwell
1493,525595580.00,Devin Wilkins
1494,-96656030.00,
1495,-278762860.00,Darius Orr
1496,567312820.00,Matthew Vega
1497,605285850.00,Isaac Jimenez
1498,473208900.00,Joseph Rhodes
1499,702260970.00,Lindsey Mathews
1500,197809540.00,Timothy Smith
1501,417583300.00,Michael Bauer
1502,552343070.00,Rachel Higgins
1503,214159830.00,Antonio Russell
1504,822048040.00,Troy Robertson
1505,293289460.00,Luis Mullins
1506,,Scott Washington
1507,972964050.00,Brooke Garcia
1508,180257350.00,Yvonne Jackson
1509,0.00,Joseph Li
1510,818044600.00,Douglas Carlson
1511,222748880.00,Brenda Patterson
1512,784923280.00,Victoria Patterson
1513,763839230.00,Samuel Burke
1514,196914710.00,
1515,,Amanda Hunter
1516,549083390.00,Jacqueline Simpson
1517,853469380.00,John Hunt
1518,272562700.00,Kyle Webb
1519,625902650.00,Melissa Morton
1520,891145890.00,Hannah Sanchez
1521,411883950.00,Paula Johnson
1522,903664150.00,Matthew Gardner
1523,585511770.00,Christopher Salas
1524,157342940.00,Justin Bray
1525,0.00,William Gutierrez
1526,,Patrick Kelley
1527,709382710.00,Johnathan Lewis
1528,987878060.00,Nathaniel Smith
1529,622785550.00,Angela Rodriguez
1530,657900060.00,Robert Gomez
1531,,Frederick Smith
1532,219740870.00,Kelly Stephens
1533,0.00,Daniel Garza
1534,497231940.00,Nicholas Solis
1535,406801910.00,Christopher Beasley
1536,532872180.00,Cory Reed
1537,327969260.00,Tina Lutz
1538,342785320.00,Christopher Pratt
1539,0.00,Joseph Mckenzie
1540,762830860.00,Eric Murphy
1541,96884020.00,Erin Clark
1542,810555720.00,Allison Brown
1543,-839586960.00,Christopher Lee
1544,90650840.00,Anne Tran
1545,0.00,Dalton Baker
1546,746657190.00,Joshua Holt
1547,154427890.00,Tiffany Holden
1548,329379070.00,Billy Boyd
1549,652924390.00,Holly Johnson
1550,-335695970.00,Judith Hanna
1551,916772710.00,Jason Hudson
1552,-484214000.00,Cory Smith
1553,592059760.00,Thomas Hunt
1554,171014420.00,John Colon
1555,529169710.00,Kimberly Woods
1556,927783900.00,John Mason
1557,-601191760.00,William White
1558,928725180.00,Dana Atkinson
1559,579556480.00,Shawn Rogers
1560,4946700.00,Thomas Mcpherson
1561,-212330110.00,Carl Reyes
1562,890549330.00,Kevin Woods
1563,821626360.00,Thomas Wilson
1564,417357520.00,Sierra Duke
1565,462045660.00,Julia Sweeney
1566,466179650.00,
1567,882174800.00,Rita Reyes MD
1568,566706340.00,Shannon Carlson
1569,663549390.00,Bobby Bridges
1570,26708130.00,Daniel Stevens
1571,751801570.00,Michael Wilson
1572,-741379150.00,Richard Jones
1573,746117150.00,Amanda Morrow
1574,396291690.00,Mary Schmitt
1575,44014290.00,Heather Dean
1576,31765470.00,Sarah Fletcher
1577,,Bethany Vega
1578,340676740.00,
1579,-42082160.00,
1580,957015070.00,Casey Reed
1581,-382132730.00,Julie Velez
1582,679621540.00,Lindsey Butler
1583,252066500.00,Katherine Martinez
1584,6261690.00,Laura Burton
1585,998390540.00,Michael Norman
1586,-714649990.00,Jeffrey Middleton
1587,526302600.00,Aaron Branch
1588,585396070.00,Christine Johnson
1589,470620970.00,Jessica Carter
1590,935785300.00,
1591,506489240.00,Joan Wilkinson
1592,310881560.00,Ariana Wagner
1593,34013610.00,Nina Church
1594,330982350.00,Chad Huffman
1595,-743134380.00,Jeffrey Singh
1596,427794220.00,Brad Hopkins
1597,72951310.00,Michael Sparks
1598,240604240.00,Deanna Holland
1599,239826620.00,Steven Brown
1600,943458770.00,Daniel James
1601,411904100.00,Megan Wells
1602,6206590.00,Candace Heath
1603,,James Ray III
1604,886504500.00,Melanie Simpson
1605,718804070.00,Crystal Snyder
1606,77507760.00,Gabrielle Johnson
1607,102697880.00,Robert Cook
1608,693322220.00,Michael Dixon
1609,350885790.00,Carla Garcia
1610,-446375610.00,Peter Henderson
1611,460082570.00,Kyle Arnold
1612,982411040.00,Michael Marshall
1613,80573870.00,Brandon Nelson
1614,742652280.00,Jamie Leonard
1615,-999536180.00,Nathan Clark
1616,666060690.00,Bill Jones
1617,478025490.00,Spencer Boyd MD
1618,240826580.00,Erin Green
1619,0.00,Dr. Dana Rice
1620,456449330.00,Jessica Ward
1621,473194940.00,Michael Sanchez
1622,161038580.00,Cameron Terry
1623,-183410820.00,Angela Martin
1624,183201440.00,William Williams
1625,855445320.00,Donald Smith
1626,606319410.00,Timothy Walker
1627,,Whitney Cortez
1628,769543570.00,Steven Pratt
1629,66229370.00,Tim Schmidt
1630,336086540.00,Paul Spears
1631,745358340.00,William Riley
1632,195455300.00,Jodi Mitchell
1633,-562652630.00,Benjamin Cox
1634,600283250.00,Amanda Mccall
1635,98747640.00,Max Leach
1636,911727310.00,Michael Cox
1637,375965260.00,Jacob Jones
1638,772223770.00,Amy Cohen
1639,470525480.00,Megan Romero
1640,231233830.00,Vincent Weber
1641,413328660.00,Matthew Blair
1642,579099290.00,Mr. Richard Baker
1643,972188860.00,Jamie Webster
1644,60589660.00,Mandy Johnson
1645,308006040.00,Jeffery Coleman
1646,802128460.00,Cheryl Quinn
1647,789867390.00,Matthew Mccoy
1648,0.00,
1649,43910190.00,Mark Atkinson
1650,484662140.00,Tommy Cook
1651,-88305910.00,Jody Case
1652,97967690.00,Vanessa Thomas
1653,492321650.00,John Villanueva
1654,304612490.00,
1655,295774680.00,Jamie Johnson
1656,295345650.00,Daniel King
1657,,Rebecca Kidd
1658,653910290.00,Christopher Campbell
1659,773388930.00,Joshua White
1660,0.00,Yolanda Martinez
1661,44713560.00,Lisa Castro
1662,64532120.00,Jordan Huffman
1663,296071800.00,Marc Diaz
1664,0.00,
1665,-885747300.00,Christopher Sims
1666,144275610.00,Elizabeth Frank
1667,901904390.00,Kimberly Pope
1668,564743380.00,Darren Poole
1669,527624410.00,Darren Beck
1670,828648110.00,Robert Aguilar
1671,644462730.00,Charles Ryan
1672,763847900.00,William Hess
1673,-348122280.00,Joseph Johnson
1674,235202220.00,Dr. Ricky Fletcher
1675,426089870.00,Kristi Sharp
1676,851354560.00,
1677,383318470.00,Casey Johnson
1678,488686030.00,Mark Cain
1679,660439280.00,
1680,679049260.00,Michelle Mccall
1681,502944820.00,Christopher King
1682,521435060.00,Michael Moore
1683,942053590.00,Jason Mcmahon
1684,963194930.00,Melissa Stokes
1685,977183160.00,John Valdez
1686,976557360.00,Elaine Christensen
1687,168349600.00,Daniel Salazar
1688,242831590.00,Elizabeth Johnson DVM
1689,150956780.00,Jessica Lang
1690,-528424140.00,Tina Mcdonald
1691,722785170.00,Elizabeth Smith
1692,737897970.00,Jeffrey Castillo
1693,348994100.00,Jermaine Tucker
1694,507577000.00,Lisa Pittman
1695,64386070.00,
1696,52519760.00,
1697,714599390.00,James Le
1698,543609540.00,Thomas Thomas
1699,,Brandi Eaton
1700,286171400.00,Joel Stone
1701,919982960.00,Ryan Rose
1702,113951730.00,
1703,734556700.00,Tonya Walters
1704,336233800.00,Ms. Alexandra Robinson
1705,696144080.00,Darrell Martin
1706,918733470.00,Alec Brooks
1707,153612900.00,Jay Hall
1708,740143680.00,David Marshall
1709,0.00,Duane Diaz
1710,646362190.00,Tiffany Williams
1711,74165190.00,Derrick Huff
1712,895284620.00,Wendy Santiago
1713,837355420.00,Daniel Bryant
1714,996037900.00,Tommy Williamson
1715,433083230.00,Brooke Whitaker
1716,988091960.00,Nicole Howell
1717,435536520.00,Bethany Ayala
1718,480821100.00,David Wright
1719,337705080.00,Misty Ingram
1720,761408170.00,Jared Cunningham
1721,392001220.00,Jean Johnson
1722,905386320.00,Renee French
1723,837828090.00,Catherine Wallace
1724,82308010.00,Ian Schmitt
1725,192518500.00,Kimberly Walton
1726,360253560.00,Jesse Adams
1727,400672660.00,Christopher Williams
1728,134027360.00,Amber Griffin
1729,365025370.00,George Rice
1730,748851500.00,Olivia Romero
1731,222311010.00,Mark Stewart
1732,256105770.00,Ashley Walters
1733,252002170.00,Christopher Hall
1734,707787330.00,Brent Luna
1735,547222350.00,Allison Phillips
1736,949908470.00,Donald Hoffman
1737,671062410.00,
1738,886000720.00,Melissa Davis
1739,170103660.00,Erin Bradley
1740,507690470.00,Peter Miller
1741,567435740.00,Jon Banks
1742,216816140.00,Benjamin Brown
1743,194634620.00,Carla Ward
1744,471650280.00,Teresa Drake
1745,636531440.00,Steven Davis
1746,691956640.00,Mark Kerr
1747,-424321630.00,Ashley Haney
1748,265431320.00,Angelica Carroll
1749,179215790.00,Timothy Espinoza
1750,944959700.00,Taylor Moore
1751,909920050.00,Michael Williams
1752,-789460910.00,Lorraine Allen
1753,-598169850.00,Beverly Cole
1754,448830550.00,David Garcia
1755,319698950.00,Morgan Moore
1756,753985450.00,Craig Ross
1757,754564940.00,Bradley Mcdaniel
1758,640555260.00,Jeffery Evans
1759,482488700.00,Brittany Sweeney
1760,367743440.00,Karen Higgins
1761,855578400.00,Wendy Williams
1762,,Erin Fields
1763,826844670.00,Ashley Daniels
1764,235785560.00,Mary Dennis
1765,-523970620.00,Kathleen Crawford
1766,435417520.00,Paul Ward
1767,374475290.00,Timothy Miller
1768,175360250.00,Dana Parker
1769,712780620.00,Todd Sherman
1770,,Sean Johnson
1771,19232830.00,Sharon Murphy
1772,933987510.00,Maria Horn
1773,988759310.00,Brian Franklin
1774,425793700.00,Anthony Dixon
1775,709840420.00,
1776,786985080.00,Jacqueline Newman MD
1777,361610900.00,Kevin Adkins
1778,260193220.00,David Stuart
1779,7292450.00,Julia Grant
1780,283691840.00,Nicholas Hamilton
1781,632917390.00,Kimberly Barnett
1782,-519235950.00,Jessica Larson
1783,253249980.00,Lee Mills
1784,611927780.00,Richard Donaldson
1785,69511780.00,Rebecca Mills
1786,-168784960.00,James Mayer
1787,444605060.00,Anthony Anderson
1788,5676240.00,Stephanie Davis
1789,922251120.00,Steve Adams
1790,73773000.00,Christina French
1791,-72971550.00,Brittney Soto
1792,362958540.00,Angela Wang
1793,277810140.00,Steve Hayes
1794,202998730.00,Meghan Cole
1795,69853750.00,Pedro Soto
1796,-629639030.00,Angela Murphy
1797,603141900.00,Wanda Melendez
1798,422886560.00,Mr. Sean Martin
1799,826788540.00,John Smith
1800,354105820.00,Julia Bright
1801,95283470.00,Yolanda Banks
1802,420968680.00,
1803,952406070.00,Lindsay Malone
1804,727537000.00,
1805,639015720.00,Derrick Collins
1806,402335890.00,Stephanie Johnson
1807,77358410.00,Aaron Moore
1808,678078530.00,Stephen Miller
1809,815431480.00,Sharon Cruz
1810,615272390.00,John Moore
1811,0.00,
1812,735781360.00,Sean Wilson
1813,872090.00,Amber Underwood
1814,663714420.00,Jason Summers
1815,-288783860.00,Gabriella Thomas
1816,834366880.00,Stephanie Williams
1817,541920370.00,Elizabeth Reid
1818,879843200.00,Travis Campbell
1819,-60753210.00,Kelly Harrison
1820,756749740.00,Deanna King
1821,957370930.00,Linda Porter
1822,440272250.00,Paige Baldwin
1823,722463770.00,Philip Rogers
1824,169458050.00,Dennis Marshall
1825,821869020.00,Richard Davis
1826,728706480.00,
1827,453337470.00,Russell Flowers
1828,109736690.00,Virginia Wood
1829,717195510.00,
1830,379036310.00,Regina Barnett
1831,602037320.00,Lucas Ryan
1832,982298530.00,Ian Montgomery
1833,501919340.00,Todd Juarez
1834,141632340.00,Hannah Avila
1835,406084170.00,Denise Dixon
1836,360216760.00,Jennifer Wagner
1837,528929580.00,Vincent Gardner
1838,300073130.00,
1839,349545760.00,Michele Huang
1840,752232360.00,Angela Walters
1841,643569780.00,Kevin Mills
1842,707428270.00,Cindy Bishop
1843,761596540.00,Sean Hunt
1844,802636500.00,Amy Hines
1845,150943800.00,Jamie Campbell
1846,590367550.00,Rebekah Gonzalez
1847,311427760.00,Alex Howard
1848,462070250.00,Nicholas Doyle
1849,740541340.00,Lauren Spence
1850,295275010.00,Darius Walker
1851,483261640.00,Sara Matthews
1852,-659382590.00,
1853,,Darrell Garcia
1854,980915020.00,Lori Fisher
1855,225251470.00,Linda Richardson
1856,-235789340.00,Jacob Davis
1857,,Andrew Robinson
1858,14596770.00,Cindy Ramirez
1859,129477010.00,Joseph Turner
1860,785598750.00,Holly Smith
1861,842626220.00,Madison Mcmillan
1862,587245130.00,Nicole Meyer
1863,-715314200.00,Megan Williams
1864,22790990.00,Alexander Humphrey
1865,526846920.00,Tracy Reese
1866,139068660.00,Cassandra Cook
1867,47283780.00,Dr. Dennis Kaiser
1868,-474760440.00,Phillip Hahn
1869,943916390.00,Jason Kennedy
1870,357180750.00,Morgan Johnson
1871,893364940.00,Seth Mckenzie
1872,-568241410.00,Jeffrey Holt
1873,244074800.00,John Decker
1874,140099320.00,Deborah Boyd
1875,337193460.00,Brian Knight
1876,0.00,Todd Pierce
1877,18740120.00,Angela Cooke
1878,996127910.00,
1879,118071330.00,
1880,314615730.00,Robert Davis
1881,726933950.00,Benjamin Beasley
1882,852572850.00,Sharon King
1883,558043970.00,Kimberly Moreno
1884,176531780.00,Debra Walker
1885,719897280.00,Richard Richard
1886,611294610.00,Candace Lam
1887,317857870.00,Charles Miller
1888,378315210.00,Jordan Harris
1889,0.00,Michael Reid
1890,111127020.00,Elizabeth Simpson
1891,78796230.00,Michael Ryan
1892,0.00,Chase Malone
1893,401685160.00,Timothy Carlson
1894,513086360.00,Richard Gray
1895,344567470.00,David Jacobs
1896,0.00,Glenn Johnson
1897,945447020.00,William Miller
1898,641615580.00,Sheila Sharp
1899,0.00,Tara Allen
1900,-803725550.00,Krista Hanson
1901,-975220720.00,David Harrington
1902,-423726450.00,Terry Johnson PhD
1903,429382060.00,Mallory Bush
1904,-280215650.00,Timothy Thompson
1905,534688420.00,Tonya Black
1906,901961110.00,Sarah Johnson
1907,822243500.00,Matthew Cole
1908,509588610.00,David Blackwell
1909,168868430.00,Sherry Cunningham
1910,109123870.00,Mikayla Adams
1911,714767550.00,Rachel Thomas
1912,555646690.00,Jonathon Smith
1913,634456260.00,Curtis Fletcher
1914,9887150.00,Lawrence Patton
1915,159671850.00,Melissa Phillips
1916,259437430.00,Karen Lozano
1917,137007430.00,Gabriel Odom
1918,594583630.00,Mary Watson
1919,115876270.00,Ariana Miller
1920,911190350.00,Adam Smith
1921,278207130.00,Shawna Gonzalez
1922,245455810.00,Jennifer Taylor
1923,615921490.00,Joshua Rodriguez
1924,473622620.00,
1925,7386100.00,Kevin Schmidt
1926,601432400.00,Jennifer Wyatt
1927,870075780.00,Erin Byrd
1928,738328420.00,Justin Smith
1929,819508080.00,Donald Sullivan
1930,871476340.00,Lisa Mason
1931,631795440.00,Diana Johnson
1932,327208460.00,Joseph Cardenas
1933,786853110.00,Angel Phelps
1934,947066220.00,Michael Gutierrez
1935,126147020.00,Jason Fisher
1936,946196760.00,Daniel Rivera
1937,703582740.00,Kimberly Howard
1938,359741180.00,Pamela Taylor
1939,49771480.00,Carmen Cook
1940,854065690.00,
1941,0.00,Kim Thomas
1942,596936710.00,Michael Ho
1943,899097130.00,Dawn Rocha
1944,835649600.00,Jordan Glenn
1945,253296170.00,Kellie Wheeler
1946,958099390.00,Joy Mccullough
1947,661527680.00,
1948,616247220.00,Stephanie Dean
1949,578897360.00,John Hodges
1950,587276050.00,Lisa Miller
1951,491668980.00,Erika Fox
1952,358014560.00,Kevin Barnett
1953,668781120.00,Lindsay Fields
1954,57478070.00,Jeffery Mendoza
1955,601270470.00,Justin Zimmerman
1956,82698860.00,Jennifer Melton
1957,106575850.00,Cameron Hoffman
1958,41546120.00,William Sanders
1959,,Jason Johnson
1960,507431990.00,Mario Robertson
1961,591310670.00,Matthew Price
1962,883881450.00,Casey Carpenter
1963,238017340.00,Michael Holmes
1964,389987510.00,Jennifer Hamilton
1965,399902310.00,Michael Walter
1966,902723000.00,Joshua Hernandez
1967,0.00,Monica Johnson
1968,150841010.00,Tyler Valencia
1969,334044480.00,Carrie Harrison
1970,906288190.00,Anthony Lindsey
1971,-269313510.00,Ashley Collier
1972,998086430.00,Karen Underwood
1973,634537520.00,John Wilson
1974,358525250.00,Jenna Trujillo
1975,,Edward Love
1976,615111340.00,Craig Young
1977,437989900.00,Matthew Hoffman
1978,,Sean Jones
1979,618045940.00,Eric Cruz
1980,-927047290.00,Brandy Davis
1981,847182780.00,David Wilson
1982,159394270.00,Timothy Taylor
1983,449661380.00,Russell Hampton
1984,954051340.00,James Chase
1985,48110490.00,Elizabeth Larson
1986,-106390700.00,Rebecca Crawford
1987,465478200.00,Alicia Mcdonald
1988,739104850.00,
1989,,Juan Jones
1990,-537023550.00,Lisa Freeman
1991,37912930.00,Ashley Adams
1992,-116652740.00,Anna Mitchell DDS
1993,836271430.00,Ryan Grant
1994,724067450.00,Mark Davis
1995,-667524430.00,Anthony Mendez
1996,633037320.00,Antonio Khan
1997,734116980.00,Robin Moore
1998,416322500.00,Rodney Wright
1999,761252530.00,Alexis Alvarado
2000,402650150.00,Paul Arias
